LAND_SIZE,FLOOR_AREA,NUM_BEDROOMS,NUM_CARSPACE,GARAGE_AREA,PROPERTY_TYPE,NUM_STOREYS,BUILT_YEAR,PROPERTY_CONDITION,RENOVATION_YEAR,OUTDOOR_FEATURE,SOLAR_PANEL,AIRCONDITIONER,POTENTIAL_SECOND_BUILDING,NUM_BUILDINGS,ADDRESS,DISTANCE_TO_TRAIN,DISTANCE_TO_BUS,DISTANCE_TO_SCHOOLS,DISTANCE_TO_UNIVERSITY,NEAR_GOOD_SCHOOLS,NEAR_GOOD_UNIVERSITIES,DISTANCE_TO_SHOPPING_CENTERS,DISTANCE_TO_CBD,DISTANCE_TO_HOSPITALS,DISTANCE_TO_BEACHES,DISTANCE_TO_PARKS,DISTANCE_TO_GYM,NEAR_HIGHWAY,SUBURB,POSTCODE,SUBURB_MEAN_PRICE,MEAN_PRICE_AREA,SUBURB_PRICE_GROWTH,NUM_SALES_NEARBY,AVG_RENTAL_PRICE,AUCTION_CLEARANCE_RATE,PROPERTY_SALES_VOLUME,RENTAL_VACANCY_RATE,RENT_RATE,RENTAL_PRICE_GROWTH,POPULATION_GROWTH,VACANCY_RATE,RENTAL_GROWTH,HISTORICAL_CAPITAL_GROWTH,CRIME_STATISTICS,WALKABILITY,AIR_QUALITY,SALE_DATE,SALE_PRICE,COMPARABLE_SALES,FLOOD_RISK,BUSHFIRE_RISK,COASTAL_EROSION_RISK,WEEKLY_RENT_RATE,COUNCIL_RATES,LATITUDE,LONGITUDE,NUM_BATHROOMS,TOILETS,PREV_SALE_DATE,PREV_SALE_PRICE,COMPARABLE_SALES_N,DISTANCE_TO_WATER_M
1407.0,45.0,1.0,0.0,0.0,Unit,1.0,1965.0,Unspecified,1965.0,balcony;garden,0.0,1.0,0.0,2,"13/5 THE ESPLANADE, MOSMAN, NSW 2088",4.159,0.096,0.129,4.149,1,0,1.087,6.071,2.734,2.732,0.162,3.039,0,Mosman,2088,1400000,1463000.0,-11.03210105,71,820,37.15,355,2.31,3.025,5.12820512,-0.51,1.66,7.5,2.96244128,27.6,66,11.46,2026-09-03,1450000,817500.0,High,Low,Nil,949.4,1695.976966773010,-33.82731901,151.25150371,1.0,1,2011-11-28;2006-06-24,520000;420500,26,93
717.0,45.0,1.0,0.0,0.0,Unit,1.0,1960.0,Renovated,1960.0,garden,0.0,0.0,0.0,1,"3/17 MILNER ST, MOSMAN, NSW 2088",3.103,0.026,0.125,3.119,1,1,1.051,4.994,1.73,3.502,0.238,2.368,0,Mosman,2088,1400000,1463000.0,1.19568301,130,820,38.19,355,2.31,3.025,5.12820512,-0.51,1.66,7.5,38.01358159,27.6,13,11.46,2026-08-21,790000,817500.0,Medium,Nil,Nil,540.0,1695.976966773010,-33.83297001,151.24158753,1.0,1,2014-03-14,455000,28,257
74.0,,1.0,1.0,18.0,Unit,1.0,2017.0,Unspecified,2017.0,balcony;courtyard;garden,0.0,1.0,0.0,3,"111/116 BELMONT RD, MOSMAN, NSW 2088",2.429,0.126,0.483,2.441,1,1,0.922,5.006,1.07,4.478,0.135,1.293,1,Mosman,2088,1400000,1463000.0,1.19568301,95,820,38.19,355,2.31,3.025,5.12820512,-0.51,1.66,7.5,38.01358159,27.6,12,11.46,2026-08-19,930000,820000.0,Medium,Nil,Nil,949.4,1695.976966773010,-33.82749438,151.23187275,1.0,1,2023-08-04;2015-03-17,882000;680000,29,391
1221.0,108.0,3.0,2.0,36.0,Unit,1.0,1999.0,Unspecified,1999.0,balcony,0.0,1.0,0.0,1,"4/139-153 MIDDLE HEAD RD, MOSMAN, NSW 2088",3.428,0.03,0.299,3.444,1,1,1.024,5.277,2.048,3.202,0.076,2.604,0,Mosman,2088,1400000,1463000.0,1.19568301,125,820,32.95,355,2.31,3.025,5.12820512,-0.51,1.66,7.5,38.01358159,27.6,19,11.46,2026-08-14,2600000,2620000.0,High,Nil,Nil,949.4,1695.976966773010,-33.83203294,151.24496821,2.0,2,2023-09-18;2011-07-27;2004-05-08;2002-11-22;1998-09-08,2800000;1212500;927500;850000;635000,22,69
777.0,,1.0,1.0,18.0,Unit,1.0,1964.0,Unspecified,1964.0,none,0.0,0.0,0.0,1,"9/71 AVENUE RD, MOSMAN, NSW 2088",2.767,0.049,0.263,2.745,1,1,1.054,4.787,1.347,3.889,0.165,2.017,0,Mosman,2088,1400000,1463000.0,1.19568301,156,820,32.95,355,2.31,3.025,5.12820512,-0.51,1.66,7.5,38.01358159,27.6,8,11.46,2026-08-10,700000,820000.0,Medium,Nil,Nil,949.4,1695.976966773010,-33.83264009,151.23740967,1.0,1,,,28,262
505.0,68.0,2.0,0.0,0.0,Unit,1.0,1976.0,Unspecified,1976.0,garden,,,0.0,1,"3/6 BRIERLEY ST, MOSMAN, NSW 2088",2.219,0.199,0.39,2.199,1,1,1.247,4.442,0.798,4.431,0.071,1.623,0,Mosman,2088,1400000,1463000.0,1.19568301,94,820,35.85,355,2.31,3.025,5.12820512,-0.51,1.66,7.5,38.01358159,27.6,11,11.46,2026-08-04,975000,1305000.0,Medium,Nil,Nil,1050.02,1695.976966773010,-33.83311379,151.23149224,1.0,1,2021-05-21;2015-07-03;2014-02-15;2007-02-26;2004-02-05;1984-04-27,990000;830000;700000;399000;420000;80000,58,190
634.0,49.0,1.0,1.0,18.0,Unit,1.0,1964.0,Renovated,1964.0,none,0.0,0.0,0.0,1,"11/23 WARRINGAH RD, MOSMAN, NSW 2088",3.982,0.088,0.672,4.01,1,0,0.754,6.544,2.678,3.78,0.11,2.429,1,Mosman,2088,1400000,1463000.0,1.19568301,101,820,33.33,355,2.31,3.025,5.12820512,-0.51,1.66,7.5,38.01358159,27.6,8,11.46,2026-07-31,865000,820000.0,Medium,Nil,Nil,949.4,1695.976966773010,-33.81761735,151.24460284,1.0,1,2017-08-19;2011-10-21;1994-04-15,700000;468000;180000,29,348
1094.0,49.0,1.0,1.0,18.0,Unit,1.0,1963.0,Unspecified,1963.0,,,,0.0,1,"8/84-86 BRADLEYS HEAD RD, MOSMAN, NSW 2088",3.338,0.119,0.169,3.399,1,1,1.17,5.141,2.02,3.207,0.139,2.654,0,Mosman,2088,1400000,1463000.0,1.19568301,126,820,33.33,355,2.31,3.025,5.12820512,-0.51,1.66,7.5,38.01358159,27.6,15,11.46,2026-07-31,760000,820000.0,Medium,Nil,Nil,949.4,1695.976966773010,-33.83350867,151.24473572,1.0,1,2016-06-21;2007-12-13;1996-04-16;1983-05-31,625000;350000;188000;55500,29,154
437.0,,4.0,2.0,36.0,House,,2005.0,Unspecified,2005.0,alfresco;garden;pool;terrace,0.0,1.0,0.0,1,"5 BOTANIC RD, MOSMAN, NSW 2088",3.863,0.122,0.413,3.847,1,1,1.014,5.714,2.437,2.896,0.238,2.853,0,Mosman,2088,5300000,6126000.0,5.85837128,112,2300,37.05,208,2.31,1.87,4.54545454,-0.51,1.66,15.7,61.62754026,27.6,22,11.46,2026-07-22,8700000,5300000.0,Medium,Low,Nil,2747.51,1695.976966773010,-33.8296353,151.24883363,3.0,3,2018-04-12;2015-12-24,7000000;4500000,19,445
631.0,42.0,1.0,0.0,18.0,Unit,1.0,1910.0,Unspecified,1910.0,,,,0.0,2,"3/20 MUSTON ST, MOSMAN, NSW 2088",3.501,0.067,0.24,3.492,1,1,0.948,5.371,2.089,3.185,0.164,2.596,0,Mosman,2088,1400000,1463000.0,1.19568301,135,820,37.05,355,2.31,3.025,5.12820512,-0.51,1.66,7.5,38.01358159,27.6,20,11.46,2026-07-21,1050000,820000.0,Medium,Nil,Nil,949.4,1695.976966773010,-33.83115426,151.24530127,1.0,1,1991-12-06,168000,29,149
249.0,135.0,3.0,1.0,18.0,House,,,Renovated,,alfresco;garden;terrace,0.0,1.0,0.0,1,"23 DALTON RD, MOSMAN, NSW 2088",3.562,0.165,0.669,3.582,1,0,0.265,6.055,2.221,3.792,0.151,2.124,1,Mosman,2088,5300000,6126000.0,5.85837128,151,2300,37.05,208,2.31,1.87,4.54545454,-0.51,1.66,15.7,61.62754026,27.6,11,11.46,2026-07-21,2900000,3700000.0,Medium,Nil,Nil,1729.05,1695.976966773010,-33.82144993,151.24199205,2.0,2,2008-03-18;2000-09-02,1470000;575000,9,396
1478.0,113.0,3.0,1.0,18.0,Unit,1.0,1970.0,Unspecified,1970.0,,,,0.0,1,"2/6 MANDOLONG RD, MOSMAN, NSW 2088",3.575,0.063,0.444,3.581,1,0,0.333,5.848,2.177,3.485,0.262,2.309,1,Mosman,2088,1400000,1463000.0,1.19568301,169,820,29.4,355,2.31,3.025,5.12820512,-0.51,1.66,7.5,38.01358159,27.6,17,11.46,2026-07-17,1450000,2620000.0,Low,Nil,Nil,949.4,1695.976966773010,-33.82477923,151.24393903,2.0,2,2001-01-23,585000,22,696
1905,490,3.0,2.0,,Unit,1.0,,Unspecified,,balcony;courtyard;outdoor-entertaining-area,0.0,1.0,0.0,,"5/25 MYAHGAH RD, MOSMAN, NSW 2088",3.251,0.126,0.267,3.258,1,1,0.239,5.589,1.857,3.744,0.063,2.017,1,Mosman,2088,1400000,1463000.0,1.19568301,193,820,29.4,355,2.31,3.025,5.12820512,-0.51,1.66,7.5,38.01358159,27.6,11,11.46,2026-07-16,4000000,1325000.0,Low,Nil,Nil,949.4,1695.976966773010,-33.82569648,151.24061073,,,,,133,792
834.0,67.0,2.0,1.0,18.0,Unit,1.0,1965.0,Unspecified,1965.0,,,,0.0,1,"4/3 MILLETT RD, MOSMAN, NSW 2088",2.575,0.075,0.449,2.55,1,1,1.196,4.612,1.16,4.066,0.195,1.917,0,Mosman,2088,1400000,1463000.0,1.19568301,134,820,29.4,355,2.31,3.025,5.12820512,-0.51,1.66,7.5,38.01358159,27.6,8,11.46,2026-07-16,1050000,1310000.0,High,Low,Nil,1050.02,1695.976966773010,-33.83339833,151.23542953,1.0,1,2010-01-22;1985-12-18,580000;83500,61,62
1039.0,48.0,1.0,1.0,18.0,Unit,1.0,1963.0,Renovated,1963.0,balcony,0.0,0.0,0.0,2,"7/154 RAGLAN ST, MOSMAN, NSW 2088",3.077,0.04,0.079,3.076,1,1,1.008,4.993,1.682,3.556,0.221,2.305,0,Mosman,2088,1400000,1463000.0,1.19568301,134,820,29.4,355,2.31,3.025,5.12820512,-0.51,1.66,7.5,38.01358159,27.6,9,11.46,2026-07-14,785000,820000.0,Medium,Nil,Nil,420.0,1695.976966773010,-33.83261109,151.24104126,1.0,1,2013-12-11,540000,29,296
365.0,70.0,2.0,1.0,18.0,Unit,1.0,1980.0,Unspecified,1980.0,,,,0.0,2,"1/128-130 AVENUE RD, MOSMAN, NSW 2088",3.284,0.025,0.103,3.269,1,1,0.772,5.283,1.857,3.447,0.074,2.328,0,Mosman,2088,1400000,1463000.0,1.19568301,158,820,29.4,355,2.31,3.025,5.12820512,-0.51,1.66,7.5,38.01358159,27.6,12,11.46,2026-07-14,1415000,1305000.0,Medium,Nil,Nil,1050.02,1695.976966773010,-33.83030377,151.24259347,1.0,1,2008-07-09;1996-07-26,600000;355000,60,254
915.0,68.0,2.0,0.0,0.0,Unit,1.0,1960.0,Renovated,1960.0,none,0.0,0.0,0.0,1,"4/125 RAGLAN ST, MOSMAN, NSW 2088",3.035,0.036,0.087,3.058,1,1,1.088,4.927,1.673,3.554,0.295,2.339,0,Mosman,2088,1400000,1463000.0,1.19568301,128,820,33.11,355,2.31,3.025,5.12820512,-0.51,1.66,7.5,38.01358159,27.6,9,11.46,2026-07-07,990000,1310000.0,Medium,Nil,Nil,1050.02,1695.976966773010,-33.8333357,151.24098297,1.0,1,2021-09-02;2014-01-17;2009-03-27;2003-03-07;1980-11-28,975000;605000;410000;385000;68000,59,324
1141.0,104.0,2.0,2.0,36.0,Unit,1.0,1982.0,Unspecified,1982.0,,,,0.0,1,"4/25 THE CRESCENT, MOSMAN, NSW 2088",3.423,0.116,0.265,3.425,1,1,0.338,5.669,2.016,3.545,0.117,2.217,1,Mosman,2088,1400000,1463000.0,1.19568301,189,820,33.11,355,2.31,3.025,5.12820512,-0.51,1.66,7.5,38.01358159,27.6,14,11.46,2026-07-06,1850000,1305000.0,Low,Nil,Nil,1050.02,1695.976966773010,-33.82604569,151.24274177,2.0,2,1994-03-22;1986-07-04,330000;140000,58,693
695.0,66.0,2.0,0.0,18.0,Unit,1.0,1969.0,Unspecified,1969.0,balcony,0.0,1.0,0.0,1,"22/43 MUSGRAVE ST, MOSMAN, NSW 2088",2.131,0.036,0.995,2.378,1,1,1.804,3.931,1.235,4.242,0.227,2.076,0,Mosman,2088,1400000,1463000.0,1.19568301,59,820,33.97,355,2.31,3.025,5.12820512,-0.51,1.66,7.5,38.01358159,27.6,5,11.46,2026-07-03,1310000,1300000.0,Medium,Nil,Nil,1050.02,1695.976966773010,-33.84000115,151.23375728,1.0,1,2019-09-12;2015-07-15;2012-11-02,1050000;865000;688000,57,178
527,314,4.0,3.0,54.0,House,2.0,,Unspecified,,,,,0.0,1,"21 MORELLA RD, MOSMAN, NSW 2088",3.685,0.107,0.796,3.963,1,1,2.045,5.1,2.691,2.661,0.163,3.505,0,Mosman,2088,5300000,6126000.0,5.85837128,30,2300,33.97,208,2.31,1.87,4.54545454,-0.51,1.66,15.7,61.62754026,27.6,22,11.46,2026-07-01,11650000,5187500.0,Medium,Low,Medium,2747.51,1695.976966773010,-33.8397973,151.25101805,2.0,2,2020-12-04;1985-06-01,7310000;275000,18,132
493.0,290.0,5.0,2.0,36.0,House,,2007.0,Unspecified,2007.0,balcony;bbq;garden;pool;terrace,0.0,1.0,0.0,1,"10 GLOVER ST, MOSMAN, NSW 2088",2.742,0.369,0.469,2.74,1,1,0.74,5.051,1.327,4.054,0.263,1.729,1,Mosman,2088,5842500,6126000.0,5.85837128,162,2300,33.97,240,2.31,1.87,4.54545454,-0.51,1.66,15.7,61.62754026,27.6,8,11.46,2026-06-30,6500000,5100000.0,Low,Nil,Nil,2747.51,1695.976966773010,-33.82907809,151.23618264,3.0,3,2006-03-16;1997-12-03;1982-04-05,1205000;535000;125000,8,532
124.0,108.0,2.0,1.0,18.0,Unit,1.0,1988.0,Unspecified,1988.0,,,,0.0,25,"3/6 HALE RD, MOSMAN, NSW 2088",2.66,0.078,0.135,2.688,1,1,0.751,5.38,1.386,4.512,0.357,1.252,1,Mosman,2088,1480000,1463000.0,1.19568301,83,820,33.97,353,2.31,3.025,5.12820512,-0.51,1.66,7.5,38.01358159,27.6,8,11.46,2026-06-29,1775000,1300000.0,Medium,Nil,Nil,1050.02,1695.976966773010,-33.82401709,151.23253772,2.0,2,2006-12-12,675000,56,344
751.0,64.0,2.0,1.0,18.0,Unit,1.0,1900.0,Unspecified,1900.0,,,,0.0,1,"2/60A RAGLAN ST, MOSMAN, NSW 2088",2.291,0.076,0.777,2.458,1,1,1.714,4.15,1.218,4.126,0.306,2.238,0,Mosman,2088,1480000,1463000.0,1.19568301,70,820,32.49,353,2.31,3.025,5.12820512,-0.51,1.66,7.5,38.01358159,27.6,5,11.46,2026-06-26,1175000,1300000.0,Medium,Nil,Nil,1050.02,1695.976966773010,-33.83818549,151.23481362,1.0,1,2014-04-04;2007-08-28,722500;500000,55,174
920.0,97.0,2.0,1.0,18.0,Unit,1.0,1998.0,Unspecified,1998.0,,,,0.0,1,"2/81A GLOVER ST, MOSMAN, NSW 2088",2.431,0.175,0.5,2.441,1,1,0.928,4.968,1.057,4.44,0.187,1.343,1,Mosman,2088,1480000,1463000.0,1.19568301,97,820,32.49,353,2.31,3.025,5.12820512,-0.51,1.66,7.5,38.01358159,27.6,12,11.46,2026-06-25,1440000,1300000.0,Medium,Nil,Nil,1050.02,1695.976966773010,-33.82801807,151.23217016,2.0,2,2000-11-10;1998-08-28,630000;515000,54,361
1254.0,,1.0,1.0,18.0,Unit,1.0,1965.0,Unspecified,1965.0,,,,0.0,1,"14/22 MOSMAN ST, MOSMAN, NSW 2088",2.409,0.083,0.626,2.524,1,1,1.559,4.303,1.229,4.051,0.197,2.186,0,Mosman,2088,1480000,1463000.0,1.19568301,87,820,31.92,353,2.31,3.025,5.12820512,-0.51,1.66,7.5,38.01358159,27.6,6,11.46,2026-06-19,820000,820000.0,Medium,Nil,Nil,949.4,1695.976966773010,-33.83691146,151.23554076,1.0,1,1984-08-17,72500,29,250
563.0,68,2.0,1.0,18.0,Unit,1.0,1964.0,Unspecified,1964.0,balcony,0.0,0.0,0.0,1,"12/152 RAGLAN ST, MOSMAN, NSW 2088",3.057,0.033,0.061,3.059,1,1,1.023,4.973,1.666,3.569,0.241,2.299,0,Mosman,2088,1480000,1463000.0,1.19568301,123,820,31.92,353,2.31,3.025,5.12820512,-0.51,1.66,7.5,38.01358159,27.6,9,11.46,2026-06-19,1000000,1300000.0,Medium,Nil,Nil,1050.02,1695.976966773010,-33.83274636,151.24088554,1.0,1,,,54,313
525.0,255.0,5.0,2.0,36.0,House,,1903.0,Unspecified,1903.0,,,,1.0,1,"17 AVENUE RD, MOSMAN, NSW 2088",2.327,0.095,0.673,2.375,1,1,1.499,4.311,1.047,4.202,0.05,1.99,0,Mosman,2088,5842500,6126000.0,5.85837128,85,2300,31.92,240,2.31,1.87,4.54545454,-0.51,1.66,15.7,61.62754026,27.6,7,11.46,2026-06-19,5450000,6175000.0,High,Low,Medium,2747.51,1695.976966773010,-33.83579637,151.23387402,3.0,3,2016-12-08;2009-12-04;1994-08-17,3100000;2200000;582000,8,81
697.0,78.0,2.0,1.0,18.0,Unit,1.0,,Unspecified,,none,0.0,0.0,0.0,1,"8/4 ESTHER RD, MOSMAN, NSW 2088",4.094,0.087,0.065,4.089,1,0,0.93,6.115,2.674,2.891,0.139,2.907,0,Mosman,2088,1480000,1463000.0,1.19568301,99,820,31.92,353,2.31,3.025,5.12820512,-0.51,1.66,7.5,38.01358159,27.6,67,11.46,2026-06-19,1560000,1300000.0,Medium,Nil,Nil,750.0,1695.976966773010,-33.82589963,151.25030879,1.0,1,1994-02-25,270000,54,139
1157.0,97.0,2.0,1.0,18.0,Unit,1.0,1970.0,Unspecified,1970.0,,,,0.0,2,"18/699 MILITARY RD, MOSMAN, NSW 2088",3.465,0.038,0.248,3.462,1,1,0.496,5.615,2.048,3.423,0.183,2.328,1,Mosman,2088,1480000,1463000.0,1.19568301,163,820,31.92,353,2.31,3.025,5.12820512,-0.51,1.66,7.5,38.01358159,27.6,16,11.46,2026-06-17,1450000,1300000.0,Low,Nil,Nil,1050.02,1695.976966773010,-33.82723072,151.24369063,1.0,1,,,54,550
1062.0,66.0,1.0,1.0,18.0,Unit,1.0,1967.0,Renovated,1967.0,balcony,0.0,1.0,0.0,1,"11/53 PRINCE ALBERT ST, MOSMAN, NSW 2088",3.231,0.034,0.091,3.315,1,1,1.245,5.018,1.949,3.275,0.233,2.636,0,Mosman,2088,1480000,1463000.0,1.19568301,107,820,31.92,353,2.31,3.025,5.12820512,-0.51,1.66,7.5,38.01358159,27.6,13,11.46,2026-06-16,1200000,815000.0,Medium,Nil,Nil,949.4,1695.976966773010,-33.83441197,151.24394709,1.0,1,2021-11-05;2007-10-17,1250000;680000,31,249
740.0,50.0,1.0,1.0,18.0,Unit,1.0,1950.0,Unspecified,1950.0,,,,0.0,3,"4/8 WOLGER RD, MOSMAN, NSW 2088",3.002,0.088,0.225,2.987,1,1,0.821,5.065,1.576,3.707,0.197,2.102,0,Mosman,2088,1480000,1463000.0,1.19568301,154,820,35.37,353,2.31,3.025,5.12820512,-0.51,1.66,7.5,38.01358159,27.6,8,11.46,2026-06-12,890000,812500.0,Medium,Nil,Nil,949.4,1695.976966773010,-33.8308905,151.23963135,1.0,1,2006-06-06;1999-12-15,390000;245000,32,445
541.0,123.0,4.0,1.0,18.0,Unit,1.0,1970.0,Unspecified,1970.0,,,,0.0,2,"1/10 LANG ST, MOSMAN, NSW 2088",2.874,0.222,0.17,2.899,1,1,0.527,5.519,1.569,4.312,0.419,1.471,1,Mosman,2088,1480000,1463000.0,1.19568301,121,820,35.85,353,2.31,3.025,5.12820512,-0.51,1.66,7.5,38.01358159,27.6,8,11.46,2026-06-06,3200000,2687500.0,Medium,Nil,Nil,949.4,1695.976966773010,-33.82363371,151.23494907,2.0,2,2023-03-16;2000-12-22,2880000;777000,26,401
940.0,99.0,3.0,2.0,36.0,Unit,1.0,1997.0,Unspecified,1997.0,,,,0.0,2,"1/30 HALE RD, MOSMAN, NSW 2088",2.887,0.155,0.158,2.922,1,1,0.683,5.663,1.657,4.501,0.263,1.352,1,Mosman,2088,1480000,1463000.0,1.19568301,106,820,35.85,353,2.31,3.025,5.12820512,-0.51,1.66,7.5,38.01358159,27.6,7,11.46,2026-06-05,2180000,2620000.0,Medium,Nil,Nil,949.4,1695.976966773010,-33.8216247,151.23362426,2.0,2,2017-10-18;2013-02-15;1999-12-03;1997-11-05,1640000;915000;507000;300000,22,147
192.0,159.0,3.0,2.0,36.0,Townhouse,2.0,2017.0,Unspecified,2017.0,,,,0.0,3,"10/116 BELMONT RD, MOSMAN, NSW 2088",2.429,0.126,0.483,2.441,1,1,0.922,5.006,1.07,4.478,0.135,1.293,1,Mosman,2088,1480000,1463000.0,1.19568301,105,820,35.85,353,2.31,3.025,5.12820512,-0.51,1.66,7.5,38.01358159,27.6,12,11.46,2026-06-05,2380000,2620000.0,Medium,Nil,Nil,949.4,1695.976966773010,-33.82749438,151.23187275,2.0,2,2016-06-03,1950000,22,391
593.0,174.0,4.0,0.0,0.0,House,2.0,1920.0,Renovated,1920.0,garden,0.0,0.0,0.0,1,"105 HOLT AVE, MOSMAN, NSW 2088",2.366,0.264,0.512,2.356,1,1,1.129,4.677,0.941,4.341,0.199,1.568,1,Mosman,2088,5842500,6126000.0,5.85837128,115,2300,35.85,240,2.31,1.87,4.54545454,-0.51,1.66,15.7,61.62754026,27.6,13,11.46,2026-06-05,3550000,5187500.0,Medium,Nil,Nil,2747.51,1695.976966773010,-33.8312342,151.2326644,3.0,3,,,18,298
700.0,41.0,1.0,0.0,18.0,Unit,1.0,1964.0,Unspecified,1964.0,,,,0.0,1,"10/1 HAMPDEN ST, MOSMAN, NSW 2088",4.031,0.083,0.609,4.055,1,0,0.732,6.514,2.7,3.612,0.135,2.527,1,Mosman,2088,1480000,1463000.0,1.19568301,105,820,35.85,353,2.31,3.025,5.12820512,-0.51,1.66,7.5,38.01358159,27.6,16,11.46,2026-06-04,825000,800000.0,Medium,Nil,Nil,590.0,1695.976966773010,-33.81866878,151.24596035,1.0,1,,,33,469
78.0,78.0,2.0,1.0,18.0,Unit,1.0,1930.0,Unspecified,1930.0,garden,0.0,0.0,0.0,1,"3/1A OSWALD ST, MOSMAN, NSW 2088",2.26,0.203,0.459,2.236,1,1,1.32,4.406,0.849,4.375,0.161,1.712,0,Mosman,2088,1480000,1463000.0,1.19568301,90,820,35.85,353,2.31,3.025,5.12820512,-0.51,1.66,7.5,38.01358159,27.6,11,11.46,2026-06-04,1140000,1300000.0,Medium,Low,Nil,795.0,1695.976966773010,-33.83378436,151.23205655,1.0,1,2021-10-06;2015-12-21,1125000;725000,58,101
2253.0,63.0,2.0,1.0,18.0,Unit,1.0,1986.0,Unspecified,1986.0,,,,0.0,1,"13/17-23 HEYDON ST, MOSMAN, NSW 2088",3.426,0.076,0.528,3.44,1,0,0.078,5.857,2.06,3.763,0.179,2.066,1,Mosman,2088,1480000,1463000.0,1.19568301,167,820,35.85,353,2.31,3.025,5.12820512,-0.51,1.66,7.5,38.01358159,27.6,14,11.46,2026-06-04,1360000,1300000.0,Low,Nil,Nil,1050.02,1695.976966773010,-33.82325837,151.24141276,1.0,1,2025-03-24;2013-04-08;2010-07-06;2010-01-12;2002-12-18,1300000;660000;635000;635000;485000,58,565
379.0,,,,,House,,,Unspecified,,,,,,2,"96C GLOVER ST, MOSMAN, NSW 2088",2.329,0.075,0.573,2.338,1,1,1.03,4.882,0.955,4.52,0.168,1.285,1,Mosman,2088,5842500,6126000.0,5.85837128,101,2300,35.85,240,2.31,1.87,4.54545454,-0.51,1.66,15.7,61.62754026,27.6,12,11.46,2026-06-02,3390000,5062500.0,Medium,Nil,Nil,2747.51,1695.976966773010,-33.82845942,151.23118901,,,,,48,267
2104.0,,2.0,1.0,18.0,Unit,1.0,1970.0,Renovated,1970.0,none,0.0,0.0,0.0,1,"27/9 MANDOLONG RD, MOSMAN, NSW 2088",3.583,0.081,0.412,3.586,1,0,0.395,5.813,2.178,3.431,0.276,2.35,1,Mosman,2088,1480000,1463000.0,1.19568301,158,820,34.4,353,2.31,3.025,5.12820512,-0.51,1.66,7.5,38.01358159,27.6,19,11.46,2026-05-29,800000,1312500.0,Low,Nil,Nil,675.0,1695.976966773010,-33.82539281,151.24430293,1.0,1,2021-09-06,680000,60,670
1667.0,191.0,3.0,2.0,36.0,Unit,1.0,1981.0,Unspecified,1981.0,,,,0.0,2,"6/800 MILITARY RD, MOSMAN, NSW 2088",3.512,0.052,0.233,3.506,1,1,0.58,5.61,2.091,3.345,0.264,2.404,1,Mosman,2088,1480000,1463000.0,1.19568301,147,820,34.4,353,2.31,3.025,5.12820512,-0.51,1.66,7.5,38.01358159,27.6,17,11.46,2026-05-29,2725000,2590000.0,Medium,Nil,Nil,949.4,1695.976966773010,-33.82774331,151.24439483,2.0,2,1995-11-23;1993-10-06,535000;380000,21,491
164.0,85.0,2.0,1.0,18.0,Unit,1.0,1950.0,Unspecified,1950.0,,,,0.0,4,"1/31 MUSGRAVE ST, MOSMAN, NSW 2088",2.08,0.084,1.094,2.382,1,1,1.875,3.824,1.3,4.274,0.137,2.024,0,Mosman,2088,1480000,1463000.0,1.19568301,61,820,34.4,353,2.31,3.025,5.12820512,-0.51,1.66,7.5,38.01358159,27.6,4,11.46,2026-05-29,2250000,1312500.0,Medium,Nil,Medium,1050.02,1695.976966773010,-33.84113449,151.23358639,1.0,1,2013-12-18;2007-06-27;2006-03-01;1997-12-22;1994-03-18;1984-02-03,910000;790000;820000;505000;370000;95000,60,132
1274.0,68.0,,1.0,18.0,Unit,1.0,2008.0,Unspecified,2008.0,,,,0.0,1,"14/647-653 MILITARY RD, MOSMAN, NSW 2088",3.471,0.087,0.295,3.473,1,1,0.371,5.698,2.063,3.495,0.158,2.268,1,Mosman,2088,1480000,1463000.0,1.19568301,172,820,34.4,353,2.31,3.025,5.12820512,-0.51,1.66,7.5,38.01358159,27.6,16,11.46,2026-05-29,1600000,1325000.0,Low,Nil,Nil,949.4,1695.976966773010,-33.82606151,151.24330011,,,2008-11-14,1400000,135,683
195.0,273.0,3.0,2.0,36.0,Unit,1.0,2022.0,Unspecified,2022.0,,,,0.0,,"4/2 IDA AVE, MOSMAN, NSW 2088",4.279,0.091,0.175,3.718,1,0,1.317,7.044,2.715,4.204,0.268,2.339,1,Mosman,2088,1480000,1463000.0,1.19568301,48,820,34.4,353,2.31,3.025,5.12820512,-0.51,1.66,7.5,38.01358159,27.6,8,11.46,2026-05-29,4000000,2590000.0,High,Nil,Nil,949.4,1695.976966773010,-33.81199825,151.24376895,2.0,2,2022-07-08,4950000,21,67
506.0,,3.0,2.0,18.0,House,,,Unspecified,,courtyard,0.0,0.0,0.0,2,"200 SPIT RD, MOSMAN, NSW 2088",4.08,0.048,0.305,3.991,1,0,1.04,6.785,2.806,4.071,0.279,2.428,1,Mosman,2088,5842500,6126000.0,5.85837128,66,2300,34.4,240,2.31,1.87,4.54545454,-0.51,1.66,15.7,61.62754026,27.6,9,11.46,2026-05-27,3350000,3750000.0,High,Nil,Nil,1400.0,1695.976966773010,-33.81446879,151.24334578,1.0,1,2023-09-26;1999-09-14;1993-04-08,2810000;542000;295000,9,55
129.0,113.0,2.0,1.0,18.0,Unit,1.0,1988.0,Unspecified,1988.0,,,,0.0,25,"72/6 HALE RD, MOSMAN, NSW 2088",2.66,0.078,0.135,2.688,1,1,0.751,5.38,1.386,4.512,0.357,1.252,1,Mosman,2088,1480000,1463000.0,1.19568301,98,820,34.4,353,2.31,3.025,5.12820512,-0.51,1.66,7.5,38.01358159,27.6,8,11.46,2026-05-25,2850000,1300000.0,Medium,Nil,Nil,1050.02,1695.976966773010,-33.82401709,151.23253772,2.0,2,2024-04-23;2004-11-17;1998-07-01,2550000;850000;505000,63,344
565.0,67.0,1.0,1.0,18.0,Unit,1.0,1950.0,Renovated,1950.0,courtyard,0.0,1.0,0.0,1,"2/78 SHADFORTH ST, MOSMAN, NSW 2088",2.812,0.114,0.191,2.811,1,1,1.12,4.765,1.425,3.801,0.262,2.134,0,Mosman,2088,1480000,1463000.0,1.19568301,143,820,36.51,353,2.31,3.025,5.12820512,-0.51,1.66,7.5,38.01358159,27.6,8,11.46,2026-05-22,785000,805000.0,Medium,Nil,Nil,949.4,1695.976966773010,-33.8334283,151.23829852,1.0,1,2014-12-11;2007-11-21,580000;431760,32,316
92.0,,1.0,1.0,18.0,Apartment,1.0,2009.0,Unspecified,2009.0,courtyard,0.0,1.0,0.0,1,"4G/732 MILITARY RD, MOSMAN, NSW 2088",3.535,0.062,0.364,3.537,1,0,0.376,5.766,2.128,3.461,0.226,2.312,1,Mosman,2088,1480000,1463000.0,1.19568301,177,820,36.51,353,2.31,3.025,5.12820512,-0.51,1.66,7.5,38.01358159,27.6,17,11.46,2026-05-21,1220000,800000.0,Low,Nil,Nil,949.4,1695.976966773010,-33.82564225,151.24385334,1.0,1,2018-11-02;2018-03-12;2009-05-21,1010000;980000;605000,31,715
563.0,122.0,,,,Unit,1.0,1965.0,Unspecified,1965.0,,,,0.0,2,"2/28A WARRINGAH RD, MOSMAN, NSW 2088",3.951,0.086,0.728,3.977,1,0,0.7,6.491,2.637,3.744,0.162,2.417,1,Mosman,2088,1480000,1463000.0,1.19568301,110,820,36.51,353,2.31,3.025,5.12820512,-0.51,1.66,7.5,38.01358159,27.6,8,11.46,2026-05-20,6000000,1300000.0,Medium,Nil,Nil,949.4,1695.976966773010,-33.81819843,151.24463134,,,2014-06-05,2250000,142,386
247.0,150.0,4.0,1.0,18.0,House,,1910.0,Unspecified,1910.0,,,,0.0,1,"14 DALTON RD, MOSMAN, NSW 2088",3.517,0.198,0.62,3.536,1,0,0.205,5.996,2.17,3.789,0.164,2.099,1,Mosman,2088,5842500,6126000.0,5.85837128,161,2300,36.51,240,2.31,1.87,4.54545454,-0.51,1.66,15.7,61.62754026,27.6,11,11.46,2026-05-20,3700000,5075000.0,Medium,Nil,Nil,2747.51,1695.976966773010,-33.82195739,151.24175991,2.0,2,2020-11-17;2009-04-03,3020000;920000,19,438
136.0,136.0,2.0,1.0,18.0,Unit,2.0,2013.0,Unspecified,2013.0,balcony;bbq,0.0,0.0,0.0,1,"89/459-463 CHURCH ST, PARRAMATTA, NSW 2150",1.471,0.034,0.09,1.092,1,1,1.016,19.888,0.733,21.986,0.41,0.4,0,Parramatta,2150,623000,748000.0,0.8196842800000000,64,680,37.15,948,1.74,5.7700000000000000,4.61538461,11.92,1.35,4.3,6.522122830000000,287.3,20,11.46,2026-09-04,580000,650000.0,Medium,Nil,Nil,660.0,1102.765138940420,-33.80428318,151.00557587,2.0,2,2017-01-21;2013-05-20,680000;520000,199,339
2758.0,82.0,2.0,1.0,18.0,Unit,1.0,2016.0,Unspecified,2016.0,balcony;garden;pool,0.0,1.0,0.0,1,"1702/45 MACQUARIE ST, PARRAMATTA, NSW 2150",0.476,0.229,0.475,0.542,1,1,0.27,19.886,1.523,21.407,0.179,0.069,1,Parramatta,2150,623000,748000.0,0.8196842800000000,261,680,37.15,948,1.74,5.7700000000000000,4.61538461,11.92,1.35,4.3,6.522122830000000,287.3,79,11.46,2026-09-04,705000,650000.0,Medium,Nil,Nil,770.0,1102.765138940420,-33.81511345,151.00112978,2.0,2,2013-03-28,625000,199,224
108.0,84.0,2.0,1.0,18.0,Unit,1.0,2015.0,Unspecified,2015.0,balcony,0.0,1.0,0.0,2,"10/4 PEACE LANE, PARRAMATTA, NSW 2150",0.156,0.186,0.333,0.956,0,1,0.599,19.204,1.273,20.489,0.237,0.304,1,Parramatta,2150,623000,748000.0,0.8196842800000000,193,680,37.15,948,1.74,5.7700000000000000,4.61538461,11.92,1.35,4.3,6.522122830000000,287.3,48,11.46,2026-09-03,570000,650000.0,Medium,Nil,Nil,750.0,1102.765138940420,-33.82262631,151.00619794,2.0,2,2024-05-13;2014-01-22,580000;550000,200,158
1132.0,83.0,2.0,1.0,18.0,Unit,1.0,1980.0,Renovated,1980.0,balcony,0.0,1.0,0.0,1,"1/18 EARLY ST, PARRAMATTA, NSW 2150",0.519,0.182,0.426,0.897,0,1,0.323,19.711,1.698,20.981,0.255,0.345,1,Parramatta,2150,623000,748000.0,0.8196842800000000,195,680,37.15,948,1.74,5.7700000000000000,4.61538461,11.92,1.35,4.3,6.522122830000000,287.3,71,11.46,2026-09-01,546000,650000.0,Medium,Nil,Nil,750.0,1102.765138940420,-33.82059685,151.00118221,1.0,1,2021-02-17;1991-02-01,485000;134000,203,245
3951.0,,2.0,1.0,18.0,Unit,1.0,1975.0,Unspecified,1975.0,balcony,0.0,0.0,0.0,3,"17/10-12 THOMAS ST, PARRAMATTA, NSW 2150",0.902,0.182,0.356,0.505,0,1,0.663,19.253,1.349,21.194,0.188,0.353,0,Parramatta,2150,623000,748000.0,2.67561749,230,680,37.15,948,1.74,5.7700000000000000,4.61538461,11.92,1.35,4.3,5.9591271699999995,287.3,24,11.46,2026-08-31,650000,652500.0,Medium,Nil,Nil,750.0,1102.765138940420,-33.81043943,151.01018336,1.0,1,2009-11-27,334000,204,209
2815.0,72.0,3.0,2.0,36.0,Unit,1.0,2017.0,Renovated,2017.0,balcony,0.0,1.0,0.0,2,"11/2-4 AMOS ST, PARRAMATTA, NSW 2150",1.003,0.059,0.293,1.191,1,1,0.609,20.516,1.207,21.824,0.207,0.662,1,Parramatta,2150,623000,748000.0,2.67561749,91,680,37.15,948,1.74,5.7700000000000000,4.61538461,11.92,1.35,4.3,5.9591271699999995,287.3,77,13.52,2026-08-31,842000,825000.0,Medium,Nil,Nil,800.0,1102.765138940420,-33.8162284,150.99360882,2.0,2,2014-04-11,650000,33,431
2625.0,79.0,2.0,1.0,18.0,Unit,1.0,2001.0,Unspecified,2001.0,alfresco;balcony;pool,0.0,1.0,0.0,2,"3/23 GOOD ST, PARRAMATTA, NSW 2150",1.036,0.061,0.265,1.224,1,1,0.593,20.497,1.209,21.794,0.187,0.646,1,Parramatta,2150,623000,748000.0,2.67561749,92,680,37.15,948,1.74,5.7700000000000000,4.61538461,11.92,1.35,4.3,5.9591271699999995,287.3,77,13.52,2026-08-31,569000,652500.0,Medium,Nil,Nil,750.0,1102.765138940420,-33.81651998,150.99371959,1.0,2,2020-10-23;2012-11-14;2001-06-18,530000;362000;279000,204,457
108.0,,2.0,1.0,18.0,Apartment,1.0,2015.0,Unspecified,2015.0,balcony,0.0,1.0,0.0,2,"401/6 RIVER RD W, PARRAMATTA, NSW 2150",1.272,0.307,0.709,0.782,0,1,1.385,18.266,0.39,20.159,0.201,0.94,0,Parramatta,2150,623000,748000.0,2.67561749,167,680,38.42,948,1.74,5.7700000000000000,4.61538461,11.92,1.35,4.3,5.9591271699999995,287.3,7,11.46,2026-08-30,540000,652500.0,High,Nil,Medium,750.0,1102.765138940420,-33.8162732,151.01908778,2.0,2,2014-03-31,620000,204,50
808.0,,2.0,1.0,18.0,Apartment,1.0,1998.0,Unspecified,1998.0,balcony,0.0,1.0,0.0,1,"5/30-32 QUEENS AVE, PARRAMATTA, NSW 2150",0.858,0.246,0.242,0.482,0,1,0.684,19.161,1.235,21.081,0.178,0.333,0,Parramatta,2150,623000,748000.0,2.67561749,242,680,38.42,948,1.74,5.7700000000000000,4.61538461,11.92,1.35,4.3,5.9591271699999995,287.3,21,11.46,2026-08-28,680000,650000.0,Medium,Nil,Medium,600.0,1102.765138940420,-33.81128791,151.01088414,1.0,1,1997-11-27,248000,208,200
2758.0,59.0,1.0,1.0,18.0,Unit,1.0,2016.0,Unspecified,2016.0,balcony;garden;pool,0.0,1.0,0.0,1,"1201/45 MACQUARIE ST, PARRAMATTA, NSW 2150",0.476,0.229,0.475,0.542,1,1,0.27,19.886,1.523,21.407,0.179,0.069,1,Parramatta,2150,623000,748000.0,2.67561749,269,680,38.42,948,1.74,5.7700000000000000,4.61538461,11.92,1.35,4.3,5.9591271699999995,287.3,79,11.46,2026-08-28,566000,510000.0,Medium,Nil,Nil,720.44,1102.765138940420,-33.81511345,151.00112978,1.0,1,2012-06-16,492500,63,224
6515.0,74.0,1.0,0.0,18.0,Unit,1.0,1975.0,Unspecified,1975.0,balcony,0.0,0.0,0.0,2,"16L/15 CAMPBELL ST, PARRAMATTA, NSW 2150",0.577,0.265,0.308,0.863,1,1,0.155,19.939,1.686,21.26,0.381,0.17,1,Parramatta,2150,623000,748000.0,2.67561749,197,680,38.42,948,1.74,5.7700000000000000,4.61538461,11.92,1.35,4.3,5.9591271699999995,287.3,97,13.52,2026-08-25,405000,503000.0,Medium,Nil,Nil,720.44,1102.765138940420,-33.81860377,150.99929042,1.0,1,,,62,412
2759.0,,1.0,1.0,18.0,Unit,1.0,2016.0,Unspecified,2016.0,balcony;bbq;garden;pool,0.0,1.0,0.0,1,"1417/45 MACQUARIE ST, PARRAMATTA, NSW 2150",0.463,0.251,0.47,0.504,1,1,0.283,19.86,1.511,21.399,0.16,0.054,0,Parramatta,2150,623000,748000.0,2.67561749,271,680,38.42,948,1.74,5.7700000000000000,4.61538461,11.92,1.35,4.3,5.9591271699999995,287.3,79,11.46,2026-08-25,560000,503000.0,Medium,Nil,Nil,540.0,1102.765138940420,-33.8148986,151.0015035,1.0,1,,,62,245
100.0,57.0,1.0,1.0,18.0,Unit,1.0,2016.0,Unspecified,2016.0,balcony;garden;pool,0.0,1.0,0.0,1,"1417/32 HUNTER ST, PARRAMATTA, NSW 2150",0.461,0.196,0.448,0.574,1,1,0.209,19.884,1.575,21.377,0.182,0.071,1,Parramatta,2150,623000,748000.0,2.67561749,269,680,38.42,948,1.74,5.7700000000000000,4.61538461,11.92,1.35,4.3,5.9591271699999995,287.3,79,11.46,2026-08-25,560000,503000.0,Medium,Nil,Nil,720.44,1102.765138940420,-33.815641,151.0009534,1.0,1,2017-07-31,666000,62,247
7142.0,73.0,2.0,1.0,18.0,Unit,1.0,2018.0,Unspecified,2018.0,,,,0.0,4,"603/1 BROUGHTON ST, PARRAMATTA, NSW 2150",1.198,0.369,0.474,0.775,0,1,1.264,18.489,0.691,20.461,0.146,0.829,0,Parramatta,2150,623000,748000.0,2.67561749,177,680,38.42,948,1.74,5.7700000000000000,4.61538461,11.92,1.35,4.3,5.9591271699999995,287.3,10,11.46,2026-08-25,680000,650000.0,Medium,Nil,Medium,750.0,1102.765138940420,-33.81375993,151.01755729,2.0,2,2015-10-23,705500,209,211
49.0,40.0,1.0,0.0,0.0,Unit,1.0,2020.0,Unspecified,2020.0,balcony;terrace,0.0,1.0,0.0,1,"805/21 HASSALL ST, PARRAMATTA, NSW 2150",0.373,0.149,0.257,0.495,0,1,0.486,19.062,0.957,20.64,0.289,0.166,0,Parramatta,2150,623000,748000.0,2.67561749,307,680,38.42,948,1.74,5.7700000000000000,4.61538461,11.92,1.35,4.3,5.9591271699999995,287.3,43,11.46,2026-08-24,410000,506000.0,High,Nil,Nil,720.44,1102.765138940420,-33.81797459,151.00939956,1.0,1,2023-03-31,430000,63,48
3148.0,132.0,2.0,1.0,18.0,Apartment,1.0,1990.0,Renovated,1990.0,balcony;pool,0.0,1.0,0.0,2,"41/3 GOOD ST, PARRAMATTA, NSW 2150",1.049,0.062,0.187,1.255,1,1,0.557,20.429,1.211,21.676,0.176,0.606,1,Parramatta,2150,623000,748000.0,2.67561749,118,680,38.19,948,1.74,5.7700000000000000,4.61538461,11.92,1.35,4.3,5.9591271699999995,287.3,75,13.52,2026-08-21,641000,655000.0,Medium,Nil,Nil,750.0,1102.765138940420,-33.81779159,150.99404864,2.0,2,2012-05-03;2003-02-21;1997-08-01;1990-09-14,340000;283000;163000;170000,213,482
190.0,72.0,1.0,1.0,18.0,Apartment,1.0,2020.0,Unspecified,2020.0,balcony;bbq;garden,0.0,1.0,0.0,1,"219/88 CHURCH ST, PARRAMATTA, NSW 2150",0.303,0.164,0.215,0.711,0,1,0.281,19.461,1.419,20.823,0.161,0.188,1,Parramatta,2150,623000,748000.0,2.67561749,246,680,38.19,948,1.74,5.7700000000000000,4.61538461,11.92,1.35,4.3,5.9591271699999995,287.3,64,11.46,2026-08-21,600000,500000.0,Medium,Nil,Nil,700.0,1102.765138940420,-33.82003974,151.00417811,1.0,1,2024-06-21;2015-08-14,620000;596000,63,126
911.0,,2.0,1.0,18.0,Apartment,1.0,2020.0,Unspecified,2020.0,balcony;bbq,0.0,1.0,0.0,1,"1502/88 CHURCH ST, PARRAMATTA, NSW 2150",0.244,0.164,0.153,0.65,0,1,0.216,19.479,1.42,20.869,0.194,0.194,1,Parramatta,2150,623000,748000.0,2.67561749,249,680,38.19,948,1.74,5.7700000000000000,4.61538461,11.92,1.35,4.3,5.9591271699999995,287.3,64,11.46,2026-08-21,800000,655000.0,Medium,Nil,Nil,750.0,1102.765138940420,-33.81945163,151.00416799,2.0,2,2020-07-17,818000,213,143
4619.0,81.0,2.0,1.0,18.0,Unit,1.0,2017.0,Unspecified,2017.0,,,,0.0,2,"401/8 RIVER RD W, PARRAMATTA, NSW 2150",1.272,0.307,0.709,0.782,0,1,1.385,18.266,0.39,20.159,0.201,0.94,0,Parramatta,2150,623000,748000.0,2.67561749,168,680,38.19,948,1.74,5.7700000000000000,4.61538461,11.92,1.35,4.3,5.9591271699999995,287.3,7,11.46,2026-08-21,550000,655000.0,High,Nil,Medium,650.0,1102.765138940420,-33.8162732,151.01908778,2.0,2,2014-06-20,670000,213,50
886.0,122.0,2.0,1.0,18.0,Apartment,2.0,2011.0,Unspecified,2011.0,balcony;pool,0.0,1.0,0.0,1,"53/20 VICTORIA RD, PARRAMATTA, NSW 2150",1.062,0.132,0.068,0.668,0,1,0.648,19.631,1.097,21.598,0.059,0.095,0,Parramatta,2150,623000,748000.0,2.67561749,155,680,32.95,948,1.74,5.7700000000000000,4.61538461,11.92,1.35,4.3,5.9591271699999995,287.3,33,11.46,2026-08-13,640000,658500.0,Medium,Nil,Nil,750.0,1102.765138940420,-33.80803816,151.00686872,2.0,2,2014-10-10;2010-04-20,552000;472000,230,110
690.0,63.0,2.0,1.0,18.0,Unit,1.0,1971.0,Original,1971.0,balcony,0.0,0.0,0.0,1,"5/5 THOMAS ST, PARRAMATTA, NSW 2150",0.826,0.247,0.301,0.437,0,1,0.62,19.234,1.292,21.139,0.12,0.288,0,Parramatta,2150,623000,748000.0,2.67561749,269,680,32.95,948,1.74,5.7700000000000000,4.61538461,11.92,1.35,4.3,5.9591271699999995,287.3,27,11.46,2026-08-12,530000,660000.0,Medium,Nil,Nil,750.0,1102.765138940420,-33.81118461,151.01009274,1.0,1,,,229,185
1182.0,251.0,2.0,1.0,18.0,Townhouse,2.0,,Original,,courtyard,0.0,0.0,0.0,1,"2/1-7 BOBART ST, PARRAMATTA, NSW 2150",0.827,0.096,0.287,1.139,1,1,0.426,20.081,1.488,21.277,0.157,0.447,1,Parramatta,2150,623000,748000.0,2.67561749,154,680,32.95,948,1.74,5.7700000000000000,4.61538461,11.92,1.35,4.3,5.9591271699999995,287.3,87,13.52,2026-08-12,780000,660000.0,Medium,Nil,Nil,750.0,1102.765138940420,-33.82032263,150.9971177,1.0,2,1989-04-26,150000,229,211
640.0,,1.0,0.0,0.0,Apartment,1.0,2022.0,Unspecified,2022.0,balcony;garden;pool,0.0,1.0,0.0,,"3637/180 GEORGE ST, PARRAMATTA, NSW 2150",0.557,0.102,0.266,0.303,0,1,0.588,19.118,1.055,20.879,0.102,0.234,0,Parramatta,2150,623000,748000.0,2.67561749,316,680,32.95,948,1.74,5.7700000000000000,4.61538461,11.92,1.35,4.3,5.9591271699999995,287.3,38,11.46,2026-08-12,623000,485000.0,High,Nil,Medium,720.44,1102.765138940420,-33.81439638,151.01011642,1.0,1,2022-11-14,672000,66,59
889.0,145.0,2.0,1.0,18.0,Unit,1.0,2013.0,Renovated,2013.0,courtyard,0.0,1.0,0.0,2,"3/11 O'REILLY ST, PARRAMATTA, NSW 2150",0.963,0.081,0.219,1.239,1,1,0.511,20.256,1.32,21.441,0.189,0.546,1,Parramatta,2150,623000,748000.0,2.67561749,126,680,32.95,948,1.74,5.7700000000000000,4.61538461,11.92,1.35,4.3,5.9591271699999995,287.3,87,13.52,2026-08-11,657000,657500.0,Medium,Nil,Nil,750.0,1102.765138940420,-33.81975718,150.99533708,2.0,2,,,230,268
692.0,127.0,3.0,2.0,36.0,House,,,Original,,none,0.0,0.0,1.0,2,"33 ROSEHILL ST, PARRAMATTA, NSW 2150",0.806,0.206,0.757,1.389,0,1,0.811,19.78,1.775,20.81,0.246,0.814,1,Parramatta,2150,1610000,1977000.0,-6.01318382,129,750,35.85,35,1.74,2.395,7.14285714,11.92,1.35,-0.8,43.17761993,287.3,71,13.52,2026-08-08,2080000,1610000.0,Medium,Nil,Nil,812.37,1102.765138940420,-33.82474889,150.9991007,1.0,1,1986-08-14,80000,3,237
17576.0,127.0,2.0,1.0,18.0,Apartment,1.0,2016.0,Unspecified,2016.0,balcony;courtyard,0.0,1.0,0.0,2,"1001/1A MORTON ST, PARRAMATTA, NSW 2150",1.065,0.241,0.347,0.853,0,1,1.129,18.611,0.722,20.539,0.16,0.723,0,Parramatta,2150,623000,748000.0,2.67561749,210,680,35.85,948,1.74,5.7700000000000000,4.61538461,11.92,1.35,4.3,5.9591271699999995,287.3,12,11.46,2026-08-07,635000,660000.0,Medium,Nil,Medium,750.0,1102.765138940420,-33.81392934,151.01608784,2.0,2,2015-02-09,639000,230,219
1725.0,68.0,2.0,1.0,18.0,Unit,1.0,1995.0,Unspecified,1995.0,balcony,0.0,0.0,0.0,1,"4/39 GREAT WESTERN HWY, PARRAMATTA, NSW 2150",0.527,0.274,0.439,0.874,0,1,0.25,19.803,1.767,21.093,0.323,0.253,1,Parramatta,2150,623000,748000.0,2.67561749,205,680,35.85,948,1.74,5.7700000000000000,4.61538461,11.92,1.35,4.3,5.9591271699999995,287.3,71,11.46,2026-08-07,560000,660000.0,Medium,Nil,Nil,750.0,1102.765138940420,-33.81980548,151.00041055,1.0,2,2022-01-18;2010-10-30;2006-08-09;1996-02-06,490000;290000;240000;165000,230,313
1431.0,,1.0,1.0,18.0,Apartment,1.0,,Renovated,,none,0.0,1.0,0.0,1,"5/13 QUEENS AVE, PARRAMATTA, NSW 2150",0.77,0.213,0.264,0.389,0,1,0.595,19.216,1.247,21.094,0.09,0.24,0,Parramatta,2150,623000,748000.0,2.67561749,279,680,35.85,948,1.74,5.7700000000000000,4.61538461,11.92,1.35,4.3,5.9591271699999995,287.3,27,11.46,2026-08-07,435000,500000.0,Medium,Nil,Nil,450.0,1102.765138940420,-33.81177004,151.01005722,1.0,1,2016-08-05;2014-04-11;2007-04-03;2001-06-25;1994-01-13,428000;353000;192500;145000;111500,67,126
105.0,,3.0,1.0,18.0,Unit,1.0,2021.0,Unspecified,2021.0,,,,0.0,1,"1312/12 PHILLIP ST, PARRAMATTA, NSW 2150",0.711,0.186,0.269,0.432,1,1,0.225,19.803,1.232,21.548,0.16,0.152,0,Parramatta,2150,623000,748000.0,2.67561749,253,680,35.85,948,1.74,5.7700000000000000,4.61538461,11.92,1.35,4.3,5.9591271699999995,287.3,61,11.46,2026-08-07,1025000,825000.0,High,Nil,Nil,720.44,1102.765138940420,-33.81130685,151.00354302,2.0,2,,,35,39
1242.0,150.0,2.0,1.0,18.0,Apartment,1.0,,Unspecified,,courtyard,0.0,1.0,0.0,1,"2/15-19 EARLY ST, PARRAMATTA, NSW 2150",0.555,0.105,0.46,0.945,0,1,0.392,19.668,1.68,20.913,0.202,0.422,1,Parramatta,2150,623000,748000.0,2.67561749,202,680,35.85,948,1.74,5.7700000000000000,4.61538461,11.92,1.35,4.3,5.9591271699999995,287.3,61,11.46,2026-08-04,588000,660000.0,Medium,Nil,Nil,750.0,1102.765138940420,-33.82126075,151.00143682,1.0,1,2008-01-17;1996-03-07,323000;163800,232,169
2767.0,124.0,2.0,1.0,18.0,Apartment,1.0,2019.0,Unspecified,2019.0,balcony,0.0,0.0,0.0,4,"404/23 HASSALL ST, PARRAMATTA, NSW 2150",0.431,0.107,0.305,0.528,0,1,0.544,19.006,0.9,20.597,0.231,0.192,0,Parramatta,2150,623000,748000.0,2.67561749,334,680,35.85,948,1.74,5.7700000000000000,4.61538461,11.92,1.35,4.3,5.9591271699999995,287.3,43,11.46,2026-08-04,680000,660000.0,High,Nil,Nil,750.0,1102.765138940420,-33.8180023,151.01002911,2.0,2,2016-11-02,775000,232,35
2614.0,47.0,1.0,1.0,18.0,Unit,1.0,2005.0,Unspecified,2005.0,,,,0.0,1,"412/31-37 HASSALL ST, PARRAMATTA, NSW 2150",0.478,0.101,0.34,0.549,0,1,0.591,18.962,0.855,20.57,0.185,0.215,0,Parramatta,2150,623000,748000.0,2.67561749,325,680,35.85,948,1.74,5.7700000000000000,4.61538461,11.92,1.35,4.3,5.9591271699999995,287.3,37,11.46,2026-08-03,432000,500000.0,High,Nil,Nil,720.44,1102.765138940420,-33.81791128,151.01055637,1.0,1,2013-12-11;2010-10-27;2006-09-30,355000;335000;310000,71,18
7142.0,,1.0,1.0,18.0,Unit,1.0,2018.0,Unspecified,2018.0,,,,0.0,4,"201/1 BROUGHTON ST, PARRAMATTA, NSW 2150",1.198,0.369,0.474,0.775,0,1,1.264,18.489,0.691,20.461,0.146,0.829,0,Parramatta,2150,623000,748000.0,2.67561749,199,680,33.33,948,1.74,5.7700000000000000,4.61538461,11.92,1.35,4.3,5.9591271699999995,287.3,10,11.46,2026-07-31,530000,500000.0,Medium,Nil,Medium,720.44,1102.765138940420,-33.81375993,151.01755729,1.0,1,2021-11-24;2015-10-01,525000;533000,71,211
103.0,73.0,2.0,0.0,18.0,Unit,1.0,1993.0,Renovated,1993.0,balcony,0.0,1.0,0.0,1,"4/13 HENRY ST, PARRAMATTA, NSW 2150",1.123,0.089,0.387,0.748,0,1,0.929,19.054,1.293,21.1,0.056,0.295,0,Parramatta,2150,623000,748000.0,2.67561749,238,680,33.33,948,1.74,5.7700000000000000,4.61538461,11.92,1.35,4.3,5.9591271699999995,287.3,14,11.46,2026-07-30,580000,660000.0,Medium,Nil,Nil,750.0,1102.765138940420,-33.80953432,151.01285883,1.0,1,2011-07-07;1993-09-03,335000;157000,240,214
4196.0,75.0,2.0,0.0,18.0,Unit,1.0,1980.0,Unspecified,1980.0,,,,0.0,3,"16/18-20 THOMAS ST, PARRAMATTA, NSW 2150",0.98,0.116,0.36,0.589,0,1,0.751,19.199,1.34,21.178,0.235,0.405,0,Parramatta,2150,623000,748000.0,2.67561749,253,680,33.33,948,1.74,5.7700000000000000,4.61538461,11.92,1.35,4.3,5.9591271699999995,287.3,15,11.46,2026-07-30,626000,660000.0,Medium,Nil,Nil,750.0,1102.765138940420,-33.81001632,151.0109918,1.0,1,1999-10-13,166000,240,287
131.0,104.0,3.0,,,Unit,1.0,2022.0,Unspecified,2022.0,,,,0.0,,"4335/180 GEORGE ST, PARRAMATTA, NSW 2150",0.557,0.102,0.266,0.303,0,1,0.588,19.118,1.055,20.879,0.102,0.234,0,Parramatta,2150,623000,748000.0,2.67561749,334,680,33.33,948,1.74,5.7700000000000000,4.61538461,11.92,1.35,4.3,5.9591271699999995,287.3,38,11.46,2026-07-28,1085000,895500.0,High,Nil,Medium,720.44,1102.765138940420,-33.81439638,151.01011642,2.0,2,,,38,59
2113.0,122.0,2.0,2.0,36.0,Apartment,1.0,,Unspecified,,balcony,0.0,0.0,0.0,2,"3/22-24 THOMAS ST, PARRAMATTA, NSW 2150",0.926,0.175,0.3,0.542,0,1,0.723,19.175,1.286,21.128,0.226,0.393,0,Parramatta,2150,623000,748000.0,2.67561749,253,680,33.33,948,1.74,5.7700000000000000,4.61538461,11.92,1.35,4.3,5.9591271699999995,287.3,21,11.46,2026-07-27,667000,660000.0,Medium,Nil,Nil,750.0,1102.765138940420,-33.8106086,151.01101196,1.0,2,1986-12-01,71000,241,277
4476.0,76.0,2.0,1.0,18.0,Unit,1.0,1980.0,Renovated,1980.0,balcony,0.0,1.0,0.0,4,"15/11 ELIZABETH ST, PARRAMATTA, NSW 2150",0.739,0.243,0.426,0.332,0,1,0.467,19.381,1.394,21.237,0.091,0.204,0,Parramatta,2150,623000,748000.0,2.67561749,283,680,37.05,948,1.74,5.7700000000000000,4.61538461,11.92,1.35,4.3,5.9591271699999995,287.3,31,11.46,2026-07-25,650000,660000.0,High,Nil,Nil,750.0,1102.765138940420,-33.81133571,151.00835318,1.0,1,2013-11-16;2001-05-18,475000;205000,239,51
12280.0,,2.0,1.0,18.0,Apartment,1.0,2018.0,Unspecified,2018.0,balcony,0.0,0.0,0.0,4,"1330K/2 MORTON ST, PARRAMATTA, NSW 2150",1.38,0.223,0.488,0.554,0,1,1.315,18.598,1.046,20.724,0.145,0.53,0,Parramatta,2150,623000,748000.0,2.67561749,180,680,37.05,948,1.74,5.7700000000000000,4.61538461,11.92,1.35,4.3,5.9591271699999995,287.3,11,11.46,2026-07-25,740000,660000.0,Low,Nil,Nil,750.0,1102.765138940420,-33.8104703,151.0177035,2.0,2,,,239,530
108.0,,2.0,1.0,18.0,Apartment,1.0,2005.0,Unspecified,2005.0,balcony,0.0,1.0,0.0,1,"28/24 CAMPBELL ST, PARRAMATTA, NSW 2150",0.559,0.212,0.305,0.808,1,1,0.08,19.957,1.699,21.316,0.354,0.118,1,Parramatta,2150,623000,748000.0,2.67561749,223,680,37.05,948,1.74,5.7700000000000000,4.61538461,11.92,1.35,4.3,5.9591271699999995,287.3,97,13.52,2026-07-25,500000,660000.0,Medium,Nil,Nil,750.0,1102.765138940420,-33.8178038,150.99936504,2.0,2,2010-04-30,400000,239,415
1260.0,149.0,3.0,2.0,36.0,Apartment,1.0,2011.0,Renovated,2011.0,balcony,0.0,1.0,0.0,2,"27/9-11 COWPER ST, PARRAMATTA, NSW 2150",0.216,0.195,0.394,0.851,0,1,0.509,19.212,1.231,20.547,0.141,0.201,1,Parramatta,2150,623000,748000.0,2.67561749,222,680,37.05,948,1.74,5.7700000000000000,4.61538461,11.92,1.35,4.3,5.9591271699999995,287.3,48,11.46,2026-07-23,800000,871000.0,High,Nil,Nil,720.44,1102.765138940420,-33.82169095,151.00641189,2.0,2,2011-11-03,500000,39,79
78.0,,2.0,1.0,18.0,Apartment,1.0,1970.0,Unspecified,1970.0,balcony,0.0,1.0,0.0,2,"6/89 GREAT WESTERN HWY, PARRAMATTA, NSW 2150",0.89,0.054,0.105,1.144,1,1,0.417,20.234,1.371,21.473,0.208,0.458,1,Parramatta,2150,623000,748000.0,2.67561749,140,680,37.05,948,1.74,5.7700000000000000,4.61538461,11.92,1.35,4.3,5.9591271699999995,287.3,87,13.52,2026-07-22,460000,660000.0,Medium,Nil,Nil,750.0,1102.765138940420,-33.81881982,150.99589176,1.0,1,2023-10-20;2020-09-04;2016-08-31,450000;395000;440000,239,374
963.0,,2.0,1.0,18.0,Apartment,1.0,,Renovated,,balcony,0.0,1.0,0.0,2,"10/15-17 QUEENS AVE, PARRAMATTA, NSW 2150",0.795,0.239,0.274,0.411,0,1,0.609,19.219,1.262,21.109,0.102,0.262,0,Parramatta,2150,623000,748000.0,2.67561749,295,680,37.05,948,1.74,5.7700000000000000,4.61538461,11.92,1.35,4.3,5.9591271699999995,287.3,27,11.46,2026-07-22,615000,660000.0,Medium,Nil,Nil,750.0,1102.765138940420,-33.81153688,151.01012429,1.0,1,2019-07-05;2009-08-11;1996-04-12;1988-05-20,525000;325000;135000;95000,239,152
2020.0,99.0,2.0,1.0,18.0,Unit,1.0,1982.0,Renovated,1982.0,balcony,0.0,0.0,0.0,1,"12/128-138 MACQUARIE ST, PARRAMATTA, NSW 2150",0.428,0.15,0.208,0.376,0,1,0.537,19.077,0.973,20.74,0.223,0.086,0,Parramatta,2150,623000,748000.0,2.67561749,347,680,37.05,948,1.74,5.7700000000000000,4.61538461,11.92,1.35,4.3,5.9591271699999995,287.3,44,11.46,2026-07-22,532000,660000.0,High,Nil,Nil,520.0,1102.765138940420,-33.81636685,151.00982388,1.0,1,1987-08-21,56000,239,92
111.0,115.0,2.0,1.0,18.0,Apartment,1.0,2016.0,Unspecified,2016.0,balcony;bbq;garden,0.0,1.0,0.0,2,"1702/1A MORTON ST, PARRAMATTA, NSW 2150",1.065,0.241,0.347,0.853,0,1,1.129,18.611,0.722,20.539,0.16,0.723,0,Parramatta,2150,623000,748000.0,2.67561749,216,680,37.05,948,1.74,5.7700000000000000,4.61538461,11.92,1.35,4.3,5.9591271699999995,287.3,12,11.46,2026-07-22,667000,660000.0,Medium,Nil,Medium,720.0,1102.765138940420,-33.81392934,151.01608784,2.0,2,2015-02-23,689000,239,219
,109,2.0,1.0,18.0,Apartment,1.0,2022.0,Unspecified,2022.0,balcony;bbq;garden;pool,0.0,1.0,0.0,,"2436/180 GEORGE ST, PARRAMATTA, NSW 2150",0.557,0.102,0.266,0.303,0,1,0.588,19.118,1.055,20.879,0.102,0.234,0,Parramatta,2150,623000,748000.0,2.67561749,332,680,37.05,948,1.74,5.7700000000000000,4.61538461,11.92,1.35,4.3,5.9591271699999995,287.3,38,11.46,2026-07-22,880000,660000.0,High,Nil,Medium,750.0,1102.765138940420,-33.81439638,151.01011642,2.0,2,2020-12-14,815000,239,59
192.0,192.0,3.0,1.0,18.0,Apartment,1.0,2013.0,Unspecified,2013.0,balcony,0.0,1.0,0.0,1,"44/20-24 SORRELL ST, PARRAMATTA, NSW 2150",0.898,0.174,0.233,0.5,0,1,0.511,19.558,1.238,21.463,0.196,0.068,0,Parramatta,2150,623000,748000.0,2.67561749,221,680,37.05,948,1.74,5.7700000000000000,4.61538461,11.92,1.35,4.3,5.9591271699999995,287.3,35,11.46,2026-07-21,825000,920000.0,High,Nil,Nil,650.0,1102.765138940420,-33.80955298,151.00706787,2.0,2,2015-01-21;2013-08-06,801000;500000,37,12
1370.0,78.0,3.0,1.0,18.0,Unit,1.0,2013.0,Renovated,2013.0,balcony,0.0,0.0,0.0,1,"42/21 SORRELL ST, PARRAMATTA, NSW 2150",0.942,0.211,0.187,0.551,0,1,0.532,19.613,1.173,21.528,0.135,0.02,0,Parramatta,2150,623000,748000.0,2.67561749,183,680,37.05,948,1.74,5.7700000000000000,4.61538461,11.92,1.35,4.3,5.9591271699999995,287.3,33,11.46,2026-07-21,665000,920000.0,High,Nil,Nil,720.0,1102.765138940420,-33.80909939,151.00662469,2.0,2,2014-02-04,544000,37,61
75.0,,2.0,1.0,18.0,Apartment,1.0,2015.0,Unspecified,2015.0,balcony,0.0,1.0,0.0,2,"20/4 PEACE LANE, PARRAMATTA, NSW 2150",0.156,0.186,0.333,0.956,0,1,0.599,19.204,1.273,20.489,0.237,0.304,1,Parramatta,2150,623000,748000.0,2.67561749,223,680,29.4,948,1.74,5.7700000000000000,4.61538461,11.92,1.35,4.3,5.9591271699999995,287.3,48,11.46,2026-07-19,425000,660000.0,Medium,Nil,Nil,750.0,1102.765138940420,-33.82262631,151.00619794,1.0,1,2017-10-26;2014-01-23,605000;495000,240,158
92.0,72.0,2.0,1.0,18.0,Unit,1.0,1969.0,Renovated,1969.0,balcony,0.0,1.0,0.0,1,"5/12 EARLY ST, PARRAMATTA, NSW 2150",0.533,0.19,0.44,0.907,0,1,0.321,19.732,1.719,20.999,0.251,0.338,1,Parramatta,2150,623000,748000.0,2.67561749,209,680,29.4,948,1.74,5.7700000000000000,4.61538461,11.92,1.35,4.3,5.9591271699999995,287.3,71,11.46,2026-07-19,515000,660000.0,Medium,Nil,Nil,750.0,1102.765138940420,-33.82056165,151.00095008,1.0,1,2001-03-26,143000,240,246
691.0,80.0,3.0,0.0,0.0,House,,1965.0,Unspecified,1965.0,,,,1.0,1,"10 BILGOLA ST, CAMPBELLTOWN, NSW 2560",1.431,0.142,0.49,3.198,0,0,1.478,41.843,0.848,23.175,0.171,1.694,0,Campbelltown,2560,1018500,1088000.0,5.790935,57,620,37.15,209,1.24,3.345,3.33333333,7.87,1.11,4.0,37.94540974,126.3,38,13.52,2026-09-07,950000,950500.0,Medium,Nil,Nil,621.26,1443.248042618450,-34.07204473,150.82613699,1.0,1,2019-04-29;2004-10-05;1989-04-06,450000;260000;85000,36,196
392.0,204.0,6.0,2.0,18.0,House,2.0,2014.0,Unspecified,2014.0,deck,0.0,1.0,1.0,2,"149 DUMARESQ ST, CAMPBELLTOWN, NSW 2560",0.948,0.201,0.219,2.272,0,0,0.606,42.628,0.082,23.832,0.294,0.77,0,Campbelltown,2560,1018500,1088000.0,6.96285859,47,620,37.15,209,1.24,3.345,3.33333333,7.87,1.11,4.0,65.2209567,126.3,84,13.52,2026-08-31,1205000,1252500.0,Low,Nil,Nil,636.84,1443.248042618450,-34.07204066,150.81603987,3.0,3,2022-07-03;2015-08-11;2014-10-23;2007-04-19;2002-02-25;1997-07-25,995000;675000;520000;247500;196000;97500,12,559
708.0,94.0,3.0,0.0,0.0,House,,,Unspecified,,none,0.0,0.0,1.0,1,"133 DUMARESQ ST, CAMPBELLTOWN, NSW 2560",0.813,0.185,0.102,2.174,0,0,0.469,42.636,0.208,23.983,0.446,0.718,0,Campbelltown,2560,1018500,1088000.0,6.96285859,46,620,38.42,209,1.24,3.345,3.33333333,7.87,1.11,4.0,65.2209567,126.3,90,13.52,2026-08-29,951000,955000.0,Low,Nil,Nil,621.26,1443.248042618450,-34.07091365,150.81508928,1.0,1,,,36,532
334,332,4.0,1.0,18.0,House,2.0,,Unspecified,,balcony;garden,0.0,1.0,0.0,1,"5B EDDINGTON RD, CAMPBELLTOWN, NSW 2560",1.426,0.835,2.173,0.886,0,0,1.434,45.205,2.212,26.208,0.123,1.592,1,Campbelltown,2560,1018500,1088000.0,6.96285859,18,620,38.42,209,1.24,3.345,3.33333333,7.87,1.11,4.0,65.2209567,126.3,9,13.52,2026-08-28,1030000,1110000.0,Medium,Low,Nil,636.84,1443.248042618450,-34.0699384,150.78190899,2.0,2,2021-05-16,815000,19,417
2814.0,86.0,2.0,2.0,36.0,Unit,1.0,2018.0,Unspecified,2018.0,balcony,0.0,1.0,0.0,1,"207/30-34 CHAMBERLAIN ST, CAMPBELLTOWN, NSW 2560",0.777,0.367,0.148,2.981,0,0,0.74,41.559,1.156,24.076,0.239,1.799,0,Campbelltown,2560,590000,689000.0,9.04178867,62,550,38.42,200,1.24,4.775,3.7735849,7.87,1.11,-2.9,32.28376231,126.3,47,13.52,2026-08-25,612000,612500.0,Medium,Nil,Nil,540.0,1443.248042618450,-34.06278688,150.82276721,2.0,2,2023-02-21;2021-09-23;2015-05-27,520000;500000;445000,39,494
2477.0,92.0,2.0,1.0,18.0,Townhouse,2.0,1977.0,Renovated,1977.0,courtyard,0.0,1.0,0.0,4,"8/30 BROUGHTON ST, CAMPBELLTOWN, NSW 2560",0.377,0.076,0.256,2.547,0,0,0.646,41.993,0.861,24.271,0.241,1.385,0,Campbelltown,2560,590000,689000.0,9.04178867,66,550,38.42,200,1.24,4.775,3.7735849,7.87,1.11,-2.9,32.28376231,126.3,75,13.52,2026-08-24,637595,612500.0,Medium,Nil,Nil,501.09,1443.248042618450,-34.06434192,150.81839205,1.0,2,1993-03-06;1991-01-24,107250;108000,39,495
277.0,240.0,4.0,2.0,36.0,House,,2010,Unspecified,,balcony;garden,0.0,1.0,1.0,2,"42 HIDCOTE RD, CAMPBELLTOWN, NSW 2560",0.667,0.327,1.151,0.713,0,0,0.384,44.754,1.194,25.055,0.126,0.678,0,Campbelltown,2560,1018500,1088000.0,6.96285859,27,620,32.95,209,1.24,3.345,3.33333333,7.87,1.11,4.0,65.2209567,126.3,64,13.52,2026-08-14,1150000,1105000.0,High,Low,Nil,636.84,1443.248042618450,-34.07617739,150.79200542,3.0,3,2007-08-22,165000,18,60
144.0,116.0,2.0,1.0,18.0,Unit,1.0,2018.0,Unspecified,2018.0,balcony,0.0,1.0,0.0,1,"65/18-22 BROUGHTON ST, CAMPBELLTOWN, NSW 2560",0.307,0.063,0.302,2.499,0,0,0.581,42.02,0.905,24.352,0.255,1.379,0,Campbelltown,2560,590000,689000.0,9.04178867,71,550,32.95,200,1.24,4.775,3.7735849,7.87,1.11,-2.9,32.28376231,126.3,73,13.52,2026-08-14,650000,613750.0,Medium,Nil,Nil,501.09,1443.248042618450,-34.06388376,150.81771361,2.0,3,2020-09-14;2018-12-13,487500;479000,42,416
2760.0,91.0,2.0,1.0,18.0,Unit,1.0,2019.0,Unspecified,2019.0,,,,0.0,1,"11/39 CHAMBERLAIN ST, CAMPBELLTOWN, NSW 2560",0.741,0.372,0.214,2.932,0,0,0.761,41.623,1.079,24.054,0.167,1.73,0,Campbelltown,2560,590000,689000.0,9.04178867,71,550,32.95,200,1.24,4.775,3.7735849,7.87,1.11,-2.9,32.28376231,126.3,66,13.52,2026-08-14,610000,613750.0,Low,Nil,Nil,501.09,1443.248042618450,-34.06342583,150.822426,2.0,2,2024-02-08;2020-01-07,532500;480000,42,560
736.0,89.0,2.0,0.0,0.0,House,,,Original,,none,0.0,0.0,1.0,1,"155 DUMARESQ ST, CAMPBELLTOWN, NSW 2560",0.993,0.184,0.266,2.306,0,0,0.653,42.625,0.07,23.782,0.243,0.794,0,Campbelltown,2560,1018500,1088000.0,6.96285859,49,620,32.95,209,1.24,3.345,3.33333333,7.87,1.11,4.0,65.2209567,126.3,84,13.52,2026-08-11,931000,950000.0,Low,Nil,Nil,636.84,1443.248042618450,-34.07240733,150.81635761,1.0,1,,,4,577
670.0,213.0,4.0,1.0,18.0,House,2.0,1980.0,Renovated,1980.0,balcony;bbq;pool,0.0,0.0,0.0,1,"16 AUSTIN AVE, CAMPBELLTOWN, NSW 2560",1.639,0.184,0.402,2.799,0,0,1.308,42.612,0.692,23.11,0.382,1.261,0,Campbelltown,2560,1018500,1088000.0,6.96285859,40,620,32.95,209,1.24,3.345,3.33333333,7.87,1.11,4.0,65.2209567,126.3,41,13.52,2026-08-11,980000,1105000.0,Medium,Nil,Nil,636.84,1443.248042618450,-34.07748793,150.82045975,3.0,3,2021-04-23;2017-02-09;2001-11-07;1993-05-14;1987-10-22,790000;650000;265000;170000;116000,18,383
647.0,106.0,3.0,1.0,18.0,House,,1970.0,Unspecified,1970.0,,,,1.0,1,"12 VALINDA CRES, CAMPBELLTOWN, NSW 2560",1.446,0.07,0.467,3.444,0,0,1.59,41.423,1.164,23.226,0.238,2.009,0,Campbelltown,2560,1018500,1088000.0,6.96285859,77,620,32.95,209,1.24,3.345,3.33333333,7.87,1.11,4.0,65.2209567,126.3,54,13.52,2026-08-10,950000,960000.0,High,Nil,Nil,550.0,1443.248042618450,-34.06860777,150.82889553,1.0,1,2016-07-04,545000,39,68
,142.0,3.0,2.0,36.0,Unit,1.0,2014.0,Unspecified,2014.0,none,0.0,0.0,0.0,2,"34/12-20 TYLER ST, CAMPBELLTOWN, NSW 2560",0.897,0.341,0.047,3.1,0,0,0.827,41.448,1.232,24.0,0.341,1.904,0,Campbelltown,2560,590000,689000.0,9.04178867,69,550,35.85,200,1.24,4.775,3.7735849,7.87,1.11,-2.9,32.28376231,126.3,56,13.52,2026-08-04,715000,785000.0,Medium,Nil,Nil,505.87,1443.248042618450,-34.06261036,150.82405163,2.0,2,2014-07-25,410000,14,385
734.0,108.0,3.0,2.0,36.0,House,,1950.0,Unspecified,1950.0,,,,0.0,1,"46/46A FARNSWORTH AVE, CAMPBELLTOWN, NSW 2560",1.595,0.225,0.468,2.732,0,0,1.246,42.65,0.642,23.171,0.385,1.194,0,Campbelltown,2560,1018500,1088000.0,6.96285859,45,620,33.33,209,1.24,3.345,3.33333333,7.87,1.11,4.0,65.2209567,126.3,41,13.52,2026-07-27,1185000,955000.0,Medium,Nil,Nil,621.26,1443.248042618450,-34.0772592,150.8197843,1.0,1,,,43,451
177.0,121.0,3.0,1.0,18.0,House,3.0,,Unspecified,,terrace,0.0,1.0,0.0,1,"88 GOLDSMITH AVE, CAMPBELLTOWN, NSW 2560",1.1,0.436,1.911,0.641,0,0,1.052,45.067,1.851,25.807,0.442,1.242,0,Campbelltown,2560,1018500,1088000.0,6.96285859,24,620,37.05,209,1.24,3.345,3.33333333,7.87,1.11,4.0,65.2209567,126.3,15,13.52,2026-07-24,890000,957500.0,Medium,Low,Nil,680.0,1443.248042618450,-34.07226449,150.78524795,2.0,3,,,42,214
1233.0,,2.0,1.0,18.0,Unit,1.0,,Original,,balcony,0.0,0.0,0.0,2,"2/19 CHAMBERLAIN ST, CAMPBELLTOWN, NSW 2560",0.661,0.198,0.252,2.875,0,0,0.567,41.626,1.193,24.249,0.278,1.765,0,Campbelltown,2560,590000,689000.0,9.04178867,71,550,37.05,200,1.24,4.775,3.7735849,7.87,1.11,-2.9,32.28376231,126.3,64,13.52,2026-07-23,363000,610000.0,Medium,Nil,Nil,501.09,1443.248042618450,-34.06187588,150.82124919,1.0,1,,,48,449
554.0,168.0,4.0,1.0,18.0,House,,,Renovated,,none,0.0,1.0,1.0,2,"40 WAMINDA AVE, CAMPBELLTOWN, NSW 2560",1.839,0.129,0.498,3.88,0,0,1.899,41.03,1.595,22.934,0.317,2.443,0,Campbelltown,2560,1018500,1088000.0,6.96285859,39,620,37.05,209,1.24,3.345,3.33333333,7.87,1.11,4.0,65.2209567,126.3,32,13.52,2026-07-22,930000,1105000.0,Medium,Low,Nil,636.84,1443.248042618450,-34.06813037,150.83360387,1.0,3,2017-07-28;2013-11-30;2007-09-04;2001-02-28;1997-11-12,580000;340000;127500;140000;98000,18,265
85.0,51.0,1.0,1.0,18.0,Unit,1.0,2024.0,Unspecified,2024.0,balcony;bbq;garden,0.0,1.0,0.0,,"1007/8 DUMARESQ ST, CAMPBELLTOWN, NSW 2560",0.413,0.036,0.447,1.958,0,0,0.3,42.609,0.688,24.465,0.355,0.813,0,Campbelltown,2560,590000,689000.0,9.04178867,55,550,37.05,200,1.24,4.775,3.7735849,7.87,1.11,-2.9,32.28376231,126.3,81,13.52,2026-07-21,525000,490000.0,Medium,Nil,Nil,505.87,1443.248042618450,-34.06700395,150.81251838,1.0,1,2021-09-21,469000,7,321
4108.0,46.0,2.0,1.0,18.0,Unit,1.0,1974.0,Unspecified,1974.0,,,,0.0,2,"9/98-102 DUMARESQ ST, CAMPBELLTOWN, NSW 2560",1.035,0.252,0.324,2.407,0,0,0.748,42.551,0.081,23.7,0.18,0.891,0,Campbelltown,2560,590000,689000.0,9.04178867,54,550,37.05,200,1.24,4.775,3.7735849,7.87,1.11,-2.9,32.28376231,126.3,77,13.52,2026-07-20,405000,610000.0,Low,Nil,Nil,501.09,1443.248042618450,-34.07258745,150.81743899,1.0,1,2003-02-19;2002-03-26,157000;100000,48,672
1192.0,93,1.0,1.0,18.0,Unit,1.0,2005.0,Unspecified,2005.0,balcony,0.0,1.0,0.0,1,"11/40 PARKSIDE CRES, CAMPBELLTOWN, NSW 2560",0.658,0.195,0.828,1.235,0,0,0.317,43.764,0.16,24.408,0.159,0.429,0,Campbelltown,2560,590000,689000.0,9.04178867,19,550,37.05,200,1.24,4.775,3.7735849,7.87,1.11,-2.9,32.28376231,126.3,84,13.52,2026-07-20,540000,482500.0,High,Nil,Nil,505.87,1443.248042618450,-34.07472159,150.80352954,1.0,1,2023-07-28;2016-11-28;2009-08-26;2006-06-20,490000;410000;275000;250000,6,47
465.0,405.0,7.0,,,House,,2026.0,Unspecified,2026.0,none,0.0,0.0,1.0,,"112 MILKY WAY, CAMPBELLTOWN, NSW 2560",0.899,0.385,1.826,0.403,0,0,0.917,44.827,1.682,25.742,0.582,1.062,0,Campbelltown,2560,1018500,1088000.0,6.96285859,19,620,37.05,209,1.24,3.345,3.33333333,7.87,1.11,4.0,65.2209567,126.3,11,13.52,2026-07-20,850000,999999.5,Medium,Low,Nil,636.84,1443.248042618450,-34.07114813,150.78747865,6.0,6,,,80,180
1582.0,157.0,3.0,1.0,18.0,Unit,1.0,2010.0,Unspecified,2010.0,,,,0.0,1,"10/1 PARC GUELL DR, CAMPBELLTOWN, NSW 2560",0.535,0.131,0.708,1.077,0,0,0.28,44.059,0.4,24.508,0.201,0.317,0,Campbelltown,2560,590000,689000.0,9.04178867,22,550,29.4,200,1.24,4.775,3.7735849,7.87,1.11,-2.9,32.28376231,126.3,85,13.52,2026-07-15,817500,770000.0,Medium,Nil,Nil,505.87,1443.248042618450,-34.07587174,150.80061954,2.0,2,2019-11-18;2010-12-17,585000;410000,13,221
639.0,262.0,6.0,1.0,18.0,House,2.0,,Renovated,,deck;pergola;pool,0.0,0.0,0.0,1,"198 BROUGHTON ST, CAMPBELLTOWN, NSW 2560",1.729,0.078,0.452,3.35,0,0,1.681,41.918,1.013,22.889,0.307,1.814,0,Campbelltown,2560,1018500,1088000.0,6.96285859,44,620,29.4,209,1.24,3.345,3.33333333,7.87,1.11,4.0,65.2209567,126.3,43,13.52,2026-07-14,1160555,1490000.0,Medium,Nil,Nil,636.84,1443.248042618450,-34.07485751,150.82737735,2.0,2,2024-07-18;2018-02-26;1994-10-27,1100000;780000;143000,9,323
734.0,108.0,5.0,2.0,18.0,House,,1950.0,Renovated,1950.0,none,0.0,1.0,1.0,1,"46 FARNSWORTH AVE, CAMPBELLTOWN, NSW 2560",1.53,0.291,0.475,2.728,0,0,1.206,42.594,0.583,23.213,0.329,1.185,0,Campbelltown,2560,1018500,1088000.0,6.96285859,45,620,29.4,209,1.24,3.345,3.33333333,7.87,1.11,4.0,65.2209567,126.3,41,13.52,2026-07-14,1185000,1400000.0,Medium,Nil,Nil,470.0,1443.248042618450,-34.07658973,150.81997906,2.0,3,2022-06-03;2011-06-21;2004-10-18;1994-12-16;1992-03-25,737500;332500;307000;101000;114000,8,469
620.0,110.0,3.0,2.0,18.0,House,,1970.0,Renovated,1970.0,none,0.0,0.0,1.0,4,"1 RICHARD AVE, CAMPBELLTOWN, NSW 2560",1.434,0.071,0.582,3.491,0,0,1.524,41.314,1.253,23.292,0.257,2.086,0,Campbelltown,2560,1018500,1088000.0,6.96285859,82,620,29.4,209,1.24,3.345,3.33333333,7.87,1.11,4.0,65.2209567,126.3,54,13.52,2026-07-13,950000,960000.0,High,Nil,Nil,621.26,1443.248042618450,-34.06730696,150.82930644,1.0,2,2020-03-10;2008-04-04,570000;255000,41,73
1178.0,66.0,2.0,1.0,18.0,Unit,1.0,,Unspecified,,none,0.0,0.0,0.0,3,"2/9 REDDALL ST, CAMPBELLTOWN, NSW 2560",0.66,0.1,0.188,2.507,0,0,0.76,42.205,0.433,23.964,0.342,1.137,0,Campbelltown,2560,590000,689000.0,9.04178867,88,550,33.11,200,1.24,4.775,3.7735849,7.87,1.11,-2.9,32.28376231,126.3,84,13.52,2026-07-12,469000,610000.0,Low,Nil,Nil,501.09,1443.248042618450,-34.06837721,150.81869081,1.0,1,2026-03-27;2022-08-15;2020-11-09;2018-07-27,435000;415000;350000;340000,47,875
1298.0,101.0,3.0,1.0,18.0,Unit,1.0,2016.0,Unspecified,2016.0,balcony,0.0,0.0,0.0,1,"14/54 SANTANA RD, CAMPBELLTOWN, NSW 2560",0.762,0.153,0.5,1.193,0,0,0.387,44.379,0.674,24.415,0.285,0.577,0,Campbelltown,2560,590000,689000.0,9.04178867,22,550,33.11,200,1.24,4.775,3.7735849,7.87,1.11,-2.9,32.28376231,126.3,85,13.52,2026-07-09,500000,785000.0,Medium,Low,Nil,505.87,1443.248042618450,-34.07872771,150.79866961,2.0,2,2014-09-25,469000,12,274
511.0,241.0,5.0,2.0,36.0,House,,2020.0,Unspecified,2020.0,,,,1.0,1,"28 WESTVIEW ST, CAMPBELLTOWN, NSW 2560",1.764,0.553,2.056,1.405,0,0,1.58,45.829,2.394,25.879,0.728,1.848,1,Campbelltown,2560,1018500,1088000.0,6.96285859,12,620,33.11,209,1.24,3.345,3.33333333,7.87,1.11,4.0,65.2209567,126.3,4,13.52,2026-07-08,1750000,1310000.0,Medium,Low,Nil,480.0,1443.248042618450,-34.07699584,150.77901275,3.0,3,2019-08-07,470000,7,179
510.9,253,7.0,2.0,36.0,House,2.0,,Unspecified,,,1.0,,0.0,1,"28/28A WESTVIEW ST, CAMPBELLTOWN, NSW 2560",1.612,0.554,2.132,1.192,0,0,1.482,45.618,2.301,25.987,0.45,1.723,1,Campbelltown,2560,1018500,1088000.0,6.96285859,16,620,33.11,209,1.24,3.345,3.33333333,7.87,1.11,4.0,65.2209567,126.3,4,13.52,2026-07-08,1750000,990000.0,High,Low,Nil,636.84,1443.248042618450,-34.074618,150.7799843,4.0,4,,,77,85
2891.0,126.0,2.0,2.0,18.0,Unit,2.0,2011.0,Unspecified,2011.0,balcony;terrace,0.0,1.0,0.0,1,"40/31-35 CHAMBERLAIN ST, CAMPBELLTOWN, NSW 2560",0.708,0.32,0.218,2.91,0,0,0.701,41.628,1.107,24.114,0.181,1.734,0,Campbelltown,2560,590000,689000.0,9.04178867,81,550,33.11,200,1.24,4.775,3.7735849,7.87,1.11,-2.9,32.28376231,126.3,66,13.52,2026-07-06,515000,612500.0,Low,Nil,Nil,501.09,1443.248042618450,-34.0629782,150.82203692,2.0,3,2018-10-14;2015-03-29;2010-04-22,435000;455000;368000,47,562
1192.0,89.0,2.0,1.0,18.0,Unit,1.0,2005.0,Unspecified,2005.0,alfresco;balcony,0.0,1.0,0.0,1,"4/40 PARKSIDE CRES, CAMPBELLTOWN, NSW 2560",0.658,0.195,0.828,1.235,0,0,0.317,43.764,0.16,24.408,0.159,0.429,0,Campbelltown,2560,590000,689000.0,9.04178867,16,550,33.11,200,1.24,4.775,3.7735849,7.87,1.11,-2.9,32.28376231,126.3,84,13.52,2026-07-06,772500,612500.0,High,Nil,Nil,501.09,1443.248042618450,-34.07472159,150.80352954,2.0,2,2019-10-03;2013-07-13;2005-08-04,530000;390000;348000,47,47
556.0,83.0,3.0,2.0,36.0,House,,,Unspecified,,,,,1.0,3,"17 PHILLIP ST, CAMPBELLTOWN, NSW 2560",1.303,0.147,0.564,3.138,0,0,1.402,41.812,0.807,23.303,0.182,1.659,0,Campbelltown,2560,1018500,1088000.0,6.96285859,88,620,33.97,209,1.24,3.345,3.33333333,7.87,1.11,4.0,65.2209567,126.3,49,13.52,2026-07-04,810000,960000.0,Medium,Nil,Nil,621.26,1443.248042618450,-34.07079974,150.82557592,1.0,1,1992-08-06,25000,40,196
360.0,212.0,5.0,1.0,18.0,House,2.0,2015.0,Unspecified,2015.0,balcony;deck,1.0,1.0,1.0,2,"149A DUMARESQ ST, CAMPBELLTOWN, NSW 2560",0.954,0.198,0.226,2.277,0,0,0.613,42.627,0.078,23.824,0.286,0.774,0,Campbelltown,2560,1018500,1088000.0,6.96285859,47,620,33.97,209,1.24,3.345,3.33333333,7.87,1.11,4.0,65.2209567,126.3,84,13.52,2026-07-04,1195000,1400000.0,Low,Nil,Nil,840.0,1443.248042618450,-34.07209453,150.81609183,2.0,3,,,6,562
6791,78,1.0,1.0,18.0,Unit,1.0,2014.0,Unspecified,2014.0,,,,0.0,1,"157/3-17 QUEEN ST, CAMPBELLTOWN, NSW 2560",0.74,0.1,0.246,2.911,0,0,0.383,41.539,1.451,24.492,0.569,1.937,0,Campbelltown,2560,590000,689000.0,9.04178867,58,550,33.97,200,1.24,4.775,3.7735849,7.87,1.11,-2.9,32.28376231,126.3,51,13.52,2026-07-04,415000,490000.0,Medium,Nil,Nil,505.87,1443.248042618450,-34.05927596,150.82047207,1.0,1,2017-05-31;2015-07-28;2014-10-17,395000;390000;320000,5,180
961.0,207,3.0,2.0,18.0,House,,,Unspecified,,garden,0.0,1.0,1.0,3,"5 LACHLAN PL, CAMPBELLTOWN, NSW 2560",1.704,0.122,0.506,2.726,0,0,1.311,42.763,0.745,23.111,0.268,1.204,0,Campbelltown,2560,1018500,1088000.0,6.96285859,32,620,33.97,209,1.24,3.345,3.33333333,7.87,1.11,4.0,65.2209567,126.3,39,13.52,2026-07-02,990000,960000.0,Medium,Nil,Nil,621.26,1443.248042618450,-34.07841863,150.81922605,1.0,2,1996-02-07;1987-05-08,145000;63000,39,470
3036,109,2.0,1.0,18.0,Unit,1.0,2011.0,Unspecified,2011.0,none,0.0,1.0,0.0,1,"29/3-9 WARBY ST, CAMPBELLTOWN, NSW 2560",0.526,0.098,0.364,2.74,0,0,0.479,41.752,1.138,24.341,0.284,1.659,0,Campbelltown,2560,590000,689000.0,9.04178867,71,550,33.97,200,1.24,4.775,3.7735849,7.87,1.11,-2.9,32.28376231,126.3,68,13.52,2026-07-01,547000,613750.0,Medium,Nil,Nil,501.09,1443.248042618450,-34.06203335,150.81976619,2.0,2,2021-03-29;2019-02-12;2011-07-22,415000;380000;320000,46,376
107.0,79.0,2.0,1.0,18.0,Apartment,1.0,2017.0,Unspecified,2017.0,balcony,0.0,1.0,0.0,1,"208/38-42 CHAMBERLAIN ST, CAMPBELLTOWN, NSW 2560",0.818,0.315,0.157,3.008,0,0,0.817,41.555,1.121,23.999,0.235,1.794,0,Campbelltown,2560,550000,689000.0,9.04178867,75,550,32.49,261,1.24,4.775,3.7735849,7.87,1.11,-2.9,32.28376231,126.3,47,13.52,2026-06-28,590000,615000.0,Medium,Nil,Nil,501.09,1443.248042618450,-34.06338273,150.82326436,2.0,2,2017-08-31,480000,45,493
373.0,133.0,3.0,1.0,18.0,House,,2009.0,Unspecified,2009.0,pool,0.0,1.0,0.0,1,"48 GILCHRIST DR, CAMPBELLTOWN, NSW 2560",0.766,0.378,1.129,0.813,0,0,0.454,44.839,1.241,25.013,0.182,0.76,0,Campbelltown,2560,927500,1088000.0,6.96285859,23,620,32.49,192,1.24,3.345,3.33333333,7.87,1.11,4.0,65.2209567,126.3,62,13.52,2026-06-26,965000,957500.0,High,Low,Nil,621.26,1443.248042618450,-34.07708721,150.79159783,2.0,2,2019-11-08;2007-08-01,680000;185000,38,89
281.0,98.0,2.0,1.0,18.0,Townhouse,2.0,1985.0,Unspecified,1985.0,courtyard,0.0,1.0,0.0,5,"3/19 STEWART ST, CAMPBELLTOWN, NSW 2560",0.993,0.039,0.355,2.684,0,0,0.956,42.203,0.362,23.643,0.334,1.21,0,Campbelltown,2560,550000,689000.0,9.04178867,91,550,32.49,261,1.24,4.775,3.7735849,7.87,1.11,-2.9,32.28376231,126.3,64,13.52,2026-06-23,730000,615000.0,Low,Nil,Nil,501.09,1443.248042618450,-34.07091109,150.82063614,1.0,2,2012-03-10;2009-02-17;2006-12-21;1985-11-22,252500;241000;195000;54500,45,651
2814.0,115,2.0,2.0,36.0,Apartment,1.0,,Unspecified,,balcony,0.0,0.0,0.0,1,"205/32 CHAMBERLAIN ST, CAMPBELLTOWN, NSW 2560",0.979,0.101,0.388,3.092,0,0,1.087,41.574,1.004,23.73,0.083,1.769,0,Campbelltown,2560,550000,689000.0,9.04178867,86,550,32.49,261,1.24,4.775,3.7735849,7.87,1.11,-2.9,32.28376231,126.3,66,13.52,2026-06-23,590000,615000.0,Medium,Nil,Nil,501.09,1443.248042618450,-34.0656743,150.824724,2.0,2,,,45,487
607.0,106.0,3.0,2.0,36.0,House,,,Unspecified,,none,0.0,0.0,0.0,2,"2 MURRAY ST, CAMPBELLTOWN, NSW 2560",1.762,0.061,0.345,3.314,0,0,1.671,42.014,0.997,22.869,0.38,1.772,0,Campbelltown,2560,927500,1088000.0,6.96285859,39,620,31.92,192,1.24,3.345,3.33333333,7.87,1.11,4.0,65.2209567,126.3,43,13.52,2026-06-19,975000,955000.0,Medium,Nil,Nil,570.0,1443.248042618450,-34.07569604,150.82679306,2.0,2,2018-08-03;1997-10-09;1993-12-02;1985-10-30,508500;103000;97313;55500,35,316
551.0,176.0,3.0,1.0,18.0,House,,,Unspecified,,none,0.0,0.0,0.0,2,"9 YENNORA ST, CAMPBELLTOWN, NSW 2560",1.544,0.184,0.297,3.414,0,0,1.679,41.595,1.077,23.075,0.079,1.928,0,Campbelltown,2560,927500,1088000.0,6.96285859,63,620,31.92,192,1.24,3.345,3.33333333,7.87,1.11,4.0,65.2209567,126.3,45,13.52,2026-06-19,885000,955000.0,High,Nil,Nil,621.26,1443.248042618450,-34.07103814,150.82856643,1.0,1,2022-09-17,700000,35,72
556.4,286.0,4.0,4.0,54.0,House,1.0,,Renovated,,pool;verandah;garden,0.0,1.0,0.0,1,"11 MANNING ST, CAMPBELLTOWN, NSW 2560",1.972,0.124,0.268,3.429,0,0,1.833,42.077,1.16,22.663,0.584,1.884,0,Campbelltown,2560,927500,1088000.0,6.96285859,28,620,31.92,192,1.24,3.345,3.33333333,7.87,1.11,4.0,65.2209567,126.3,41,13.52,2026-06-19,1020000,1130000.0,Medium,Low,Nil,636.84,1443.248042618450,-34.07763504,150.82752544,2.0,3,2019-12-13;1999-08-25;1993-12-17;1988-05-04,300000;174000;134500;110000,20,119
1201.0,101.0,3.0,0.0,0.0,House,,1960.0,Unspecified,1960.0,none,0.0,0.0,1.0,1,"61 BROUGHTON ST, CAMPBELLTOWN, NSW 2560",0.637,0.172,0.187,2.603,0,0,0.866,42.07,0.573,23.969,0.27,1.269,0,Campbelltown,2560,927500,1088000.0,6.96285859,87,620,31.92,192,1.24,3.345,3.33333333,7.87,1.11,4.0,65.2209567,126.3,84,13.52,2026-06-19,1600000,955000.0,Low,Nil,Nil,621.26,1443.248042618450,-34.06735267,150.81964104,1.0,1,2022-05-18;2021-07-05;2009-07-16;1991-09-26,1050000;1007453;339000;115000,35,833
159.0,104.0,3.0,2.0,36.0,Unit,1.0,2017.0,Unspecified,2017.0,none,0.0,0.0,0.0,1,"31/2-10 TYLER ST, CAMPBELLTOWN, NSW 2560",0.849,0.386,0.074,3.06,0,0,0.748,41.467,1.253,24.081,0.337,1.895,0,Campbelltown,2560,550000,689000.0,9.04178867,73,550,31.92,261,1.24,4.775,3.7735849,7.87,1.11,-2.9,32.28376231,126.3,56,13.52,2026-06-18,700000,800000.0,Medium,Nil,Nil,505.87,1443.248042618450,-34.06209392,150.82342412,2.0,2,2021-10-21;2015-06-17,560000;479000,11,402
556.0,184.0,6.0,1.0,18.0,House,1.0,1960.0,Unspecified,1960.0,,,,1.0,2,"6 KENDALL ST, CAMPBELLTOWN, NSW 2560",1.556,0.147,0.646,3.788,0,0,1.599,40.933,1.623,23.286,0.19,2.437,0,Campbelltown,2560,927500,1088000.0,6.96285859,58,620,31.92,192,1.24,3.345,3.33333333,7.87,1.11,4.0,65.2209567,126.3,33,13.52,2026-06-16,1250000,955000.0,Medium,Nil,Nil,621.26,1443.248042618450,-34.06468143,150.83218421,1.0,1,2023-04-28,700000,33,185
415.0,155.0,4.0,2.0,36.0,House,,2019.0,Unspecified,2019.0,pool,0.0,1.0,0.0,1,"24 POULTON TCE, CAMPBELLTOWN, NSW 2560",1.216,0.3,1.821,0.856,0,0,1.075,45.273,1.895,25.679,0.558,1.318,0,Campbelltown,2560,927500,1088000.0,6.96285859,22,620,31.92,192,1.24,3.345,3.33333333,7.87,1.11,4.0,65.2209567,126.3,13,13.52,2026-06-16,1170000,1115000.0,High,Low,Nil,636.84,1443.248042618450,-34.07471792,150.78440099,2.0,2,2016-06-15,410000,20,38
567.0,209.0,3.0,1.0,18.0,House,,,Renovated,,garden,0.0,0.0,1.0,1,"5 DAN ST, CAMPBELLTOWN, NSW 2560",1.041,0.092,0.288,3.196,0,0,1.067,41.434,1.155,23.75,0.17,1.906,0,Campbelltown,2560,927500,1088000.0,6.96285859,83,620,31.92,192,1.24,3.345,3.33333333,7.87,1.11,4.0,65.2209567,126.3,49,13.52,2026-06-16,915000,955000.0,Medium,Nil,Nil,621.26,1443.248042618450,-34.06451541,150.82564219,1.0,1,2016-07-10;2009-01-21;1989-06-30,540000;255000;94000,33,358
809.0,108.0,3.0,1.0,18.0,House,,,Unspecified,,,,,1.0,2,"23 ALLMAN ST, CAMPBELLTOWN, NSW 2560",0.826,0.118,0.205,2.046,0,0,0.363,42.752,0.318,24.061,0.409,0.593,0,Campbelltown,2560,927500,1088000.0,6.96285859,40,620,35.37,192,1.24,3.345,3.33333333,7.87,1.11,4.0,65.2209567,126.3,89,13.52,2026-06-13,1220000,947500.0,Medium,Nil,Nil,621.26,1443.248042618450,-34.07103234,150.81368515,1.0,1,1998-04-08;1986-02-16,132000;62000,33,415
100.0,68.0,1.0,0.0,18.0,Unit,1.0,2011.0,Unspecified,2011.0,balcony,0.0,0.0,0.0,1,"57/31-35 CHAMBERLAIN ST, CAMPBELLTOWN, NSW 2560",0.708,0.32,0.218,2.91,0,0,0.701,41.628,1.107,24.114,0.181,1.734,0,Campbelltown,2560,550000,689000.0,9.04178867,78,550,35.37,261,1.24,4.775,3.7735849,7.87,1.11,-2.9,32.28376231,126.3,66,13.52,2026-06-13,420000,512500.0,Low,Nil,Nil,380.0,1443.248042618450,-34.0629782,150.82203692,1.0,1,2024-07-25,370000,4,562
